idx;name;r;g;b;region_area;pixel_count;object_count;area_fraction
0;Clear Label;0;0;0;2521634.0;4394.0;29.0;0.0017425209209583944
997;root;255;255;255;74913.0;516.0;1.0;0.006887990068479436
8;Basic cell groups and regions;191;218;227;0.0;0.0;0.0;0.0
567;Cerebrum;176;240;255;0.0;0.0;0.0;0.0
688;Cerebral cortex;176;255;184;0.0;0.0;0.0;0.0
695;Cortical plate;112;255;112;0.0;0.0;0.0;0.0
315;Isocortex;112;255;113;0.0;0.0;0.0;0.0
184;Frontal pole, cerebral cortex;38;143;69;0.0;0.0;0.0;0.0
68;Frontal pole, layer 1;38;143;69;0.0;0.0;0.0;0.0
667;Frontal pole, layer 2/3;38;143;69;0.0;0.0;0.0;0.0
526157192;Frontal pole, layer 5;38;143;69;0.0;0.0;0.0;0.0
526157196;Frontal pole, layer 6a;38;143;69;0.0;0.0;0.0;0.0
526322264;Frontal pole, layer 6b;38;143;69;0.0;0.0;0.0;0.0
500;Somatomotor areas;31;157;90;0.0;0.0;0.0;0.0
107;Somatomotor areas, Layer 1;31;157;90;0.0;0.0;0.0;0.0
219;Somatomotor areas, Layer 2/3;31;157;90;0.0;0.0;0.0;0.0
299;Somatomotor areas, Layer 5;31;157;90;0.0;0.0;0.0;0.0
644;Somatomotor areas, Layer 6a;31;157;90;0.0;0.0;0.0;0.0
947;Somatomotor areas, Layer 6b;31;157;90;0.0;0.0;0.0;0.0
985;Primary motor area;31;157;90;0.0;0.0;0.0;0.0
320;Primary motor area, Layer 1;31;157;90;17809.0;828.0;3.0;0.046493346060980406
943;Primary motor area, Layer 2/3;31;157;90;58557.0;2418.0;1.0;0.04129309903171269
648;Primary motor area, Layer 5;31;157;90;53563.0;2389.0;4.0;0.0446016839982824
844;Primary motor area, Layer 6a;31;157;90;69130.0;1640.0;10.0;0.023723419644148706
882;Primary motor area, Layer 6b;31;157;90;4509.0;0.0;0.0;0.0
993;Secondary motor area;31;157;90;0.0;0.0;0.0;0.0
656;Secondary motor area, layer 1;31;157;90;25257.0;931.0;1.0;0.03686106821871164
962;Secondary motor area, layer 2/3;31;157;90;68154.0;1642.0;18.0;0.02409249640519999
767;Secondary motor area, layer 5;31;157;90;72254.0;2276.0;5.0;0.03149998615993578
1021;Secondary motor area, layer 6a;31;157;90;39721.0;1528.0;4.0;0.03846831650764079
1085;Secondary motor area, layer 6b;31;157;90;638.0;0.0;0.0;0.0
453;Somatosensory areas;24;128;100;0.0;0.0;0.0;0.0
12993;Somatosensory areas, layer 1;24;128;100;0.0;0.0;0.0;0.0
12994;Somatosensory areas, layer 2/3;24;128;100;0.0;0.0;0.0;0.0
12995;Somatosensory areas, layer 4;24;128;100;0.0;0.0;0.0;0.0
12996;Somatosensory areas, layer 5;24;128;100;0.0;0.0;0.0;0.0
12997;Somatosensory areas, layer 6a;24;128;100;0.0;0.0;0.0;0.0
12998;Somatosensory areas, layer 6b;24;128;100;0.0;0.0;0.0;0.0
322;Primary somatosensory area;24;128;100;0.0;0.0;0.0;0.0
793;Primary somatosensory area, layer 1;24;128;100;0.0;0.0;0.0;0.0
346;Primary somatosensory area, layer 2/3;24;128;100;0.0;0.0;0.0;0.0
865;Primary somatosensory area, layer 4;24;128;100;0.0;0.0;0.0;0.0
921;Primary somatosensory area, layer 5;24;128;100;0.0;0.0;0.0;0.0
686;Primary somatosensory area, layer 6a;24;128;100;0.0;0.0;0.0;0.0
719;Primary somatosensory area, layer 6b;24;128;100;0.0;0.0;0.0;0.0
353;Primary somatosensory area, nose;24;128;100;0.0;0.0;0.0;0.0
558;Primary somatosensory area, nose, layer 1;24;128;100;0.0;0.0;0.0;0.0
838;Primary somatosensory area, nose, layer 2/3;24;128;100;0.0;0.0;0.0;0.0
654;Primary somatosensory area, nose, layer 4;24;128;100;0.0;0.0;0.0;0.0
702;Primary somatosensory area, nose, layer 5;24;128;100;0.0;0.0;0.0;0.0
889;Primary somatosensory area, nose, layer 6a;24;128;100;0.0;0.0;0.0;0.0
929;Primary somatosensory area, nose, layer 6b;24;128;100;0.0;0.0;0.0;0.0
329;Primary somatosensory area, barrel field;24;128;100;0.0;0.0;0.0;0.0
981;Primary somatosensory area, barrel field, layer 1;24;128;100;0.0;0.0;0.0;0.0
201;Primary somatosensory area, barrel field, layer 2/3;24;128;100;0.0;0.0;0.0;0.0
1047;Primary somatosensory area, barrel field, layer 4;24;128;100;0.0;0.0;0.0;0.0
1070;Primary somatosensory area, barrel field, layer 5;24;128;100;0.0;0.0;0.0;0.0
1038;Primary somatosensory area, barrel field, layer 6a;24;128;100;0.0;0.0;0.0;0.0
1062;Primary somatosensory area, barrel field, layer 6b;24;128;100;0.0;0.0;0.0;0.0
480149202;Rostrolateral lateral visual area;24;128;100;0.0;0.0;0.0;0.0
480149206;Rostrolateral lateral visual area, layer 1;24;128;100;0.0;0.0;0.0;0.0
480149210;Rostrolateral lateral visual area, layer 2/3;24;128;100;0.0;0.0;0.0;0.0
480149214;Rostrolateral lateral visual area, layer 4;24;128;100;0.0;0.0;0.0;0.0
480149218;Rostrolateral lateral visual area,layer 5;24;128;100;0.0;0.0;0.0;0.0
480149222;Rostrolateral lateral visual area, layer 6a;24;128;100;0.0;0.0;0.0;0.0
480149226;Rostrolateral lateral visual area, layer 6b;24;128;100;0.0;0.0;0.0;0.0
337;Primary somatosensory area, lower limb;24;128;100;0.0;0.0;0.0;0.0
1030;Primary somatosensory area, lower limb, layer 1;24;128;100;16883.0;96.0;4.0;0.005686193212106853
113;Primary somatosensory area, lower limb, layer 2/3;24;128;100;43027.0;0.0;0.0;0.0
1094;Primary somatosensory area, lower limb, layer 4;24;128;100;15389.0;0.0;0.0;0.0
1128;Primary somatosensory area, lower limb, layer 5;24;128;100;15361.0;322.0;1.0;0.020962176941605366
478;Primary somatosensory area, lower limb, layer 6a;24;128;100;3666.0;0.0;0.0;0.0
510;Primary somatosensory area, lower limb, layer 6b;24;128;100;0.0;0.0;0.0;0.0
345;Primary somatosensory area, mouth;24;128;100;0.0;0.0;0.0;0.0
878;Primary somatosensory area, mouth, layer 1;24;128;100;0.0;0.0;0.0;0.0
657;Primary somatosensory area, mouth, layer 2/3;24;128;100;0.0;0.0;0.0;0.0
950;Primary somatosensory area, mouth, layer 4;24;128;100;0.0;0.0;0.0;0.0
974;Primary somatosensory area, mouth, layer 5;24;128;100;0.0;0.0;0.0;0.0
1102;Primary somatosensory area, mouth, layer 6a;24;128;100;0.0;0.0;0.0;0.0
2;Primary somatosensory area, mouth, layer 6b;24;128;100;0.0;0.0;0.0;0.0
369;Primary somatosensory area, upper limb;24;128;100;0.0;0.0;0.0;0.0
450;Primary somatosensory area, upper limb, layer 1;24;128;100;0.0;0.0;0.0;0.0
854;Primary somatosensory area, upper limb, layer 2/3;24;128;100;264.0;0.0;0.0;0.0
577;Primary somatosensory area, upper limb, layer 4;24;128;100;8453.0;15.0;1.0;0.0017745179226310187
625;Primary somatosensory area, upper limb, layer 5;24;128;100;31069.0;931.0;15.0;0.029965560526569894
945;Primary somatosensory area, upper limb, layer 6a;24;128;100;56465.0;2887.0;1.0;0.051129017975737184
1026;Primary somatosensory area, upper limb, layer 6b;24;128;100;5814.0;0.0;0.0;0.0
361;Primary somatosensory area, trunk;24;128;100;0.0;0.0;0.0;0.0
1006;Primary somatosensory area, trunk, layer 1;24;128;100;5137.0;89.0;2.0;0.017325287132567646
670;Primary somatosensory area, trunk, layer 2/3;24;128;100;11481.0;363.0;12.0;0.031617454925529136
1086;Primary somatosensory area, trunk, layer 4;24;128;100;4818.0;0.0;0.0;0.0
1111;Primary somatosensory area, trunk, layer 5;24;128;100;9044.0;16.0;3.0;0.0017691287041132243
9;Primary somatosensory area, trunk, layer 6a;24;128;100;6248.0;558.0;1.0;0.08930857874519846
461;Primary somatosensory area, trunk, layer 6b;24;128;100;980.0;26.0;3.0;0.026530612244897958
182305689;Primary somatosensory area, unassigned;24;128;100;0.0;0.0;0.0;0.0
182305693;Primary somatosensory area, unassigned, layer 1;24;128;100;0.0;0.0;0.0;0.0
182305697;Primary somatosensory area, unassigned, layer 2/3;24;128;100;0.0;0.0;0.0;0.0
182305701;Primary somatosensory area, unassigned, layer 4;24;128;100;0.0;0.0;0.0;0.0
182305705;Primary somatosensory area, unassigned, layer 5;24;128;100;0.0;0.0;0.0;0.0
182305709;Primary somatosensory area, unassigned, layer 6a;24;128;100;0.0;0.0;0.0;0.0
182305713;Primary somatosensory area, unassigned, layer 6b;24;128;100;0.0;0.0;0.0;0.0
378;Supplemental somatosensory area;24;128;100;0.0;0.0;0.0;0.0
873;Supplemental somatosensory area, layer 1;24;128;100;0.0;0.0;0.0;0.0
806;Supplemental somatosensory area, layer 2/3;24;128;100;0.0;0.0;0.0;0.0
1035;Supplemental somatosensory area, layer 4;24;128;100;0.0;0.0;0.0;0.0
1090;Supplemental somatosensory area, layer 5;24;128;100;0.0;0.0;0.0;0.0
862;Supplemental somatosensory area, layer 6a;24;128;100;0.0;0.0;0.0;0.0
893;Supplemental somatosensory area, layer 6b;24;128;100;0.0;0.0;0.0;0.0
1057;Gustatory areas;0;156;117;0.0;0.0;0.0;0.0
36;Gustatory areas, layer 1;0;156;117;0.0;0.0;0.0;0.0
180;Gustatory areas, layer 2/3;0;156;117;0.0;0.0;0.0;0.0
148;Gustatory areas, layer 4;0;156;117;0.0;0.0;0.0;0.0
187;Gustatory areas, layer 5;0;156;117;0.0;0.0;0.0;0.0
638;Gustatory areas, layer 6a;0;156;117;0.0;0.0;0.0;0.0
662;Gustatory areas, layer 6b;0;156;117;0.0;0.0;0.0;0.0
677;Visceral area;17;173;131;0.0;0.0;0.0;0.0
897;Visceral area, layer 1;17;173;131;0.0;0.0;0.0;0.0
1106;Visceral area, layer 2/3;17;173;131;0.0;0.0;0.0;0.0
1010;Visceral area, layer 4;17;173;131;0.0;0.0;0.0;0.0
1058;Visceral area, layer 5;17;173;131;0.0;0.0;0.0;0.0
857;Visceral area, layer 6a;17;173;131;0.0;0.0;0.0;0.0
849;Visceral area, layer 6b;17;173;131;0.0;0.0;0.0;0.0
247;Auditory areas;1;147;153;0.0;0.0;0.0;0.0
1011;Dorsal auditory area;1;147;153;0.0;0.0;0.0;0.0
527;Dorsal auditory area, layer 1;1;147;153;0.0;0.0;0.0;0.0
600;Dorsal auditory area, layer 2/3;1;147;153;0.0;0.0;0.0;0.0
678;Dorsal auditory area, layer 4;1;147;153;0.0;0.0;0.0;0.0
252;Dorsal auditory area, layer 5;1;147;153;0.0;0.0;0.0;0.0
156;Dorsal auditory area, layer 6a;1;147;153;0.0;0.0;0.0;0.0
243;Dorsal auditory area, layer 6b;1;147;153;0.0;0.0;0.0;0.0
480149230;Laterolateral anterior visual area;1;147;153;0.0;0.0;0.0;0.0
480149234;Laterolateral anterior visual area, layer 1;1;147;153;0.0;0.0;0.0;0.0
480149238;Laterolateral anterior visual area, layer 2/3;1;147;153;0.0;0.0;0.0;0.0
480149242;Laterolateral anterior visual area, layer 4;1;147;153;0.0;0.0;0.0;0.0
480149246;Laterolateral anterior visual area,layer 5;1;147;153;0.0;0.0;0.0;0.0
480149250;Laterolateral anterior visual area, layer 6a;1;147;153;0.0;0.0;0.0;0.0
480149254;Laterolateral anterior visual area, layer 6b;1;147;153;0.0;0.0;0.0;0.0
1002;Primary auditory area;1;147;153;0.0;0.0;0.0;0.0
735;Primary auditory area, layer 1;1;147;153;0.0;0.0;0.0;0.0
251;Primary auditory area, layer 2/3;1;147;153;0.0;0.0;0.0;0.0
816;Primary auditory area, layer 4;1;147;153;0.0;0.0;0.0;0.0
847;Primary auditory area, layer 5;1;147;153;0.0;0.0;0.0;0.0
954;Primary auditory area, layer 6a;1;147;153;0.0;0.0;0.0;0.0
1005;Primary auditory area, layer 6b;1;147;153;0.0;0.0;0.0;0.0
1027;Posterior auditory area;1;147;153;0.0;0.0;0.0;0.0
696;Posterior auditory area, layer 1;1;147;153;0.0;0.0;0.0;0.0
643;Posterior auditory area, layer 2/3;1;147;153;0.0;0.0;0.0;0.0
759;Posterior auditory area, layer 4;1;147;153;0.0;0.0;0.0;0.0
791;Posterior auditory area, layer 5;1;147;153;0.0;0.0;0.0;0.0
249;Posterior auditory area, layer 6a;1;147;153;0.0;0.0;0.0;0.0
456;Posterior auditory area, layer 6b;1;147;153;0.0;0.0;0.0;0.0
1018;Ventral auditory area;1;147;153;0.0;0.0;0.0;0.0
959;Ventral auditory area, layer 1;1;147;153;0.0;0.0;0.0;0.0
755;Ventral auditory area, layer 2/3;1;147;153;0.0;0.0;0.0;0.0
990;Ventral auditory area, layer 4;1;147;153;0.0;0.0;0.0;0.0
1023;Ventral auditory area, layer 5;1;147;153;0.0;0.0;0.0;0.0
520;Ventral auditory area, layer 6a;1;147;153;0.0;0.0;0.0;0.0
598;Ventral auditory area, layer 6b;1;147;153;0.0;0.0;0.0;0.0
669;Visual areas;8;133;140;0.0;0.0;0.0;0.0
801;Visual areas, layer 1;8;133;140;0.0;0.0;0.0;0.0
561;Visual areas, layer 2/3;8;133;140;0.0;0.0;0.0;0.0
913;Visual areas, layer 4;8;133;140;0.0;0.0;0.0;0.0
937;Visual areas, layer 5;8;133;140;0.0;0.0;0.0;0.0
457;Visual areas, layer 6a;8;133;140;0.0;0.0;0.0;0.0
497;Visual areas, layer 6b;8;133;140;0.0;0.0;0.0;0.0
402;Anterolateral visual area;8;133;140;0.0;0.0;0.0;0.0
1074;Anterolateral visual area, layer 1;8;133;140;0.0;0.0;0.0;0.0
905;Anterolateral visual area, layer 2/3;8;133;140;0.0;0.0;0.0;0.0
1114;Anterolateral visual area, layer 4;8;133;140;0.0;0.0;0.0;0.0
233;Anterolateral visual area, layer 5;8;133;140;0.0;0.0;0.0;0.0
601;Anterolateral visual area, layer 6a;8;133;140;0.0;0.0;0.0;0.0
649;Anterolateral visual area, layer 6b;8;133;140;0.0;0.0;0.0;0.0
394;Anteromedial visual area;8;133;140;0.0;0.0;0.0;0.0
281;Anteromedial visual area, layer 1;8;133;140;3069.0;55.0;2.0;0.017921146953405017
1066;Anteromedial visual area, layer 2/3;8;133;140;4234.0;466.0;1.0;0.11006140765233821
401;Anteromedial visual area, layer 4;8;133;140;1276.0;0.0;0.0;0.0
433;Anteromedial visual area, layer 5;8;133;140;2321.0;0.0;0.0;0.0
1046;Anteromedial visual area, layer 6a;8;133;140;1052.0;0.0;0.0;0.0
441;Anteromedial visual area, layer 6b;8;133;140;55.0;0.0;0.0;0.0
409;Lateral visual area;8;133;140;0.0;0.0;0.0;0.0
421;Lateral visual area, layer 1;8;133;140;0.0;0.0;0.0;0.0
973;Lateral visual area, layer 2/3;8;133;140;0.0;0.0;0.0;0.0
573;Lateral visual area, layer 4;8;133;140;0.0;0.0;0.0;0.0
613;Lateral visual area, layer 5;8;133;140;0.0;0.0;0.0;0.0
74;Lateral visual area, layer 6a;8;133;140;0.0;0.0;0.0;0.0
121;Lateral visual area, layer 6b;8;133;140;0.0;0.0;0.0;0.0
385;Primary visual area;8;133;140;0.0;0.0;0.0;0.0
593;Primary visual area, layer 1;8;133;140;21899.0;1.0;5.0;4.566418557925019e-05
821;Primary visual area, layer 2/3;8;133;140;43385.0;288.0;3.0;0.0066382390227037
721;Primary visual area, layer 4;8;133;140;21911.0;0.0;0.0;0.0
778;Primary visual area, layer 5;8;133;140;39365.0;0.0;0.0;0.0
33;Primary visual area, layer 6a;8;133;140;31008.0;20.0;2.0;0.0006449948400412797
305;Primary visual area, layer 6b;8;133;140;5271.0;0.0;0.0;0.0
425;Posterolateral visual area;8;133;140;0.0;0.0;0.0;0.0
750;Posterolateral visual area, layer 1;8;133;140;0.0;0.0;0.0;0.0
269;Posterolateral visual area, layer 2/3;8;133;140;0.0;0.0;0.0;0.0
869;Posterolateral visual area, layer 4;8;133;140;0.0;0.0;0.0;0.0
902;Posterolateral visual area, layer 5;8;133;140;0.0;0.0;0.0;0.0
377;Posterolateral visual area, layer 6a;8;133;140;0.0;0.0;0.0;0.0
393;Posterolateral visual area, layer 6b;8;133;140;0.0;0.0;0.0;0.0
533;posteromedial visual area;8;133;140;0.0;0.0;0.0;0.0
805;posteromedial visual area, layer 1;8;133;140;4719.0;401.0;7.0;0.08497563043017589
41;posteromedial visual area, layer 2/3;8;133;140;5634.0;67.0;1.0;0.011892083777067802
501;posteromedial visual area, layer 4;8;133;140;2112.0;0.0;0.0;0.0
565;posteromedial visual area, layer 5;8;133;140;3168.0;0.0;0.0;0.0
257;posteromedial visual area, layer 6a;8;133;140;970.0;0.0;0.0;0.0
469;posteromedial visual area, layer 6b;8;133;140;110.0;0.0;0.0;0.0
312782574;Laterointermediate area;8;133;140;0.0;0.0;0.0;0.0
312782578;Laterointermediate area, layer 1;8;133;140;0.0;0.0;0.0;0.0
312782582;Laterointermediate area, layer 2/3;8;133;140;0.0;0.0;0.0;0.0
312782586;Laterointermediate area, layer 4;8;133;140;0.0;0.0;0.0;0.0
312782590;Laterointermediate area, layer 5;8;133;140;0.0;0.0;0.0;0.0
312782594;Laterointermediate area, layer 6a;8;133;140;0.0;0.0;0.0;0.0
312782598;Laterointermediate area, layer 6b;8;133;140;0.0;0.0;0.0;0.0
312782628;Postrhinal area;8;133;140;0.0;0.0;0.0;0.0
312782632;Postrhinal area, layer 1;8;133;140;0.0;0.0;0.0;0.0
312782636;Postrhinal area, layer 2/3;8;133;140;0.0;0.0;0.0;0.0
312782640;Postrhinal area, layer 4;8;133;140;0.0;0.0;0.0;0.0
312782644;Postrhinal area, layer 5;8;133;140;0.0;0.0;0.0;0.0
312782648;Postrhinal area, layer 6a;8;133;140;0.0;0.0;0.0;0.0
312782652;Postrhinal area, layer 6b;8;133;140;0.0;0.0;0.0;0.0
31;Anterior cingulate area;64;166;102;0.0;0.0;0.0;0.0
572;Anterior cingulate area, layer 1;64;166;102;0.0;0.0;0.0;0.0
1053;Anterior cingulate area, layer 2/3;64;166;102;0.0;0.0;0.0;0.0
739;Anterior cingulate area, layer 5;64;166;102;0.0;0.0;0.0;0.0
179;Anterior cingulate area, layer 6a;64;166;102;0.0;0.0;0.0;0.0
227;Anterior cingulate area, layer 6b;64;166;102;0.0;0.0;0.0;0.0
39;Anterior cingulate area, dorsal part;64;166;102;0.0;0.0;0.0;0.0
935;Anterior cingulate area, dorsal part, layer 1;64;166;102;0.0;0.0;0.0;0.0
211;Anterior cingulate area, dorsal part, layer 2/3;64;166;102;0.0;0.0;0.0;0.0
1015;Anterior cingulate area, dorsal part, layer 5;64;166;102;0.0;0.0;0.0;0.0
919;Anterior cingulate area, dorsal part, layer 6a;64;166;102;0.0;0.0;0.0;0.0
927;Anterior cingulate area, dorsal part, layer 6b;64;166;102;0.0;0.0;0.0;0.0
48;Anterior cingulate area, ventral part;64;166;102;0.0;0.0;0.0;0.0
588;Anterior cingulate area, ventral part, layer 1;64;166;102;0.0;0.0;0.0;0.0
296;Anterior cingulate area, ventral part, layer 2/3;64;166;102;0.0;0.0;0.0;0.0
772;Anterior cingulate area, ventral part, layer 5;64;166;102;0.0;0.0;0.0;0.0
810;Anterior cingulate area, ventral part, 6a;64;166;102;0.0;0.0;0.0;0.0
819;Anterior cingulate area, ventral part, 6b;64;166;102;0.0;0.0;0.0;0.0
972;Prelimbic area;47;168;80;0.0;0.0;0.0;0.0
171;Prelimbic area, layer 1;47;168;80;0.0;0.0;0.0;0.0
195;Prelimbic area, layer 2;47;168;80;0.0;0.0;0.0;0.0
304;Prelimbic area, layer 2/3;47;168;80;0.0;0.0;0.0;0.0
363;Prelimbic area, layer 5;47;168;80;0.0;0.0;0.0;0.0
84;Prelimbic area, layer 6a;47;168;80;0.0;0.0;0.0;0.0
132;Prelimbic area, layer 6b;47;168;80;0.0;0.0;0.0;0.0
44;Infralimbic area;89;179;99;0.0;0.0;0.0;0.0
707;Infralimbic area, layer 1;89;179;99;0.0;0.0;0.0;0.0
747;Infralimbic area, layer 2;89;179;99;0.0;0.0;0.0;0.0
556;Infralimbic area, layer 2/3;89;179;99;0.0;0.0;0.0;0.0
827;Infralimbic area, layer 5;89;179;99;0.0;0.0;0.0;0.0
1054;Infralimbic area, layer 6a;89;179;99;0.0;0.0;0.0;0.0
1081;Infralimbic area, layer 6b;89;179;99;0.0;0.0;0.0;0.0
714;Orbital area;36;138;94;0.0;0.0;0.0;0.0
264;Orbital area, layer 1;36;138;94;0.0;0.0;0.0;0.0
492;Orbital area, layer 2/3;36;138;94;0.0;0.0;0.0;0.0
352;Orbital area, layer 5;36;138;94;0.0;0.0;0.0;0.0
476;Orbital area, layer 6a;36;138;94;0.0;0.0;0.0;0.0
516;Orbital area, layer 6b;36;138;94;0.0;0.0;0.0;0.0
723;Orbital area, lateral part;36;138;94;0.0;0.0;0.0;0.0
448;Orbital area, lateral part, layer 1;36;138;94;9163.0;84.0;1.0;0.009167303284950344
412;Orbital area, lateral part, layer 2/3;36;138;94;12677.0;605.0;1.0;0.047724224974363016
630;Orbital area, lateral part, layer 5;36;138;94;31302.0;1329.0;5.0;0.04245735096798926
440;Orbital area, lateral part, layer 6a;36;138;94;2896.0;0.0;0.0;0.0
488;Orbital area, lateral part, layer 6b;36;138;94;110.0;0.0;0.0;0.0
731;Orbital area, medial part;36;138;94;0.0;0.0;0.0;0.0
484;Orbital area, medial part, layer 1;36;138;94;0.0;0.0;0.0;0.0
524;Orbital area, medial part, layer 2;36;138;94;0.0;0.0;0.0;0.0
582;Orbital area, medial part, layer 2/3;36;138;94;0.0;0.0;0.0;0.0
620;Orbital area, medial part, layer 5;36;138;94;0.0;0.0;0.0;0.0
910;Orbital area, medial part, layer 6a;36;138;94;0.0;0.0;0.0;0.0
527696977;Orbital area, medial part, layer 6b;36;138;94;0.0;0.0;0.0;0.0
738;Orbital area, ventral part;36;138;94;0.0;0.0;0.0;0.0
746;Orbital area, ventrolateral part;36;138;94;0.0;0.0;0.0;0.0
969;Orbital area, ventrolateral part, layer 1;36;138;94;0.0;0.0;0.0;0.0
288;Orbital area, ventrolateral part, layer 2/3;36;138;94;0.0;0.0;0.0;0.0
1125;Orbital area, ventrolateral part, layer 5;36;138;94;0.0;0.0;0.0;0.0
608;Orbital area, ventrolateral part, layer 6a;36;138;94;0.0;0.0;0.0;0.0
680;Orbital area, ventrolateral part, layer 6b;36;138;94;0.0;0.0;0.0;0.0
95;Agranular insular area;33;152;102;0.0;0.0;0.0;0.0
104;Agranular insular area, dorsal part;33;152;102;0.0;0.0;0.0;0.0
996;Agranular insular area, dorsal part, layer 1;33;152;102;8504.0;452.0;1.0;0.05315145813734713
328;Agranular insular area, dorsal part, layer 2/3;33;152;102;16949.0;38.0;3.0;0.0022420201781816035
1101;Agranular insular area, dorsal part, layer 5;33;152;102;28476.0;1031.0;1.0;0.03620592779884815
783;Agranular insular area, dorsal part, layer 6a;33;152;102;28410.0;1397.0;11.0;0.049172826469552976
831;Agranular insular area, dorsal part, layer 6b;33;152;102;765.0;0.0;0.0;0.0
111;Agranular insular area, posterior part;33;152;102;0.0;0.0;0.0;0.0
120;Agranular insular area, posterior part, layer 1;33;152;102;0.0;0.0;0.0;0.0
163;Agranular insular area, posterior part, layer 2/3;33;152;102;0.0;0.0;0.0;0.0
344;Agranular insular area, posterior part, layer 5;33;152;102;0.0;0.0;0.0;0.0
314;Agranular insular area, posterior part, layer 6a;33;152;102;0.0;0.0;0.0;0.0
355;Agranular insular area, posterior part, layer 6b;33;152;102;0.0;0.0;0.0;0.0
119;Agranular insular area, ventral part;33;152;102;0.0;0.0;0.0;0.0
704;Agranular insular area, ventral part, layer 1;33;152;102;1250.0;0.0;0.0;0.0
694;Agranular insular area, ventral part, layer 2/3;33;152;102;4961.0;377.0;14.0;0.07599274339850837
800;Agranular insular area, ventral part, layer 5;33;152;102;10669.0;270.0;12.0;0.025306964101602776
675;Agranular insular area, ventral part, layer 6a;33;152;102;4556.0;0.0;0.0;0.0
699;Agranular insular area, ventral part, layer 6b;33;152;102;110.0;0.0;0.0;0.0
254;Retrosplenial area;26;166;152;0.0;0.0;0.0;0.0
894;Retrosplenial area, lateral agranular part;26;166;152;0.0;0.0;0.0;0.0
671;Retrosplenial area, lateral agranular part, layer 1;26;166;152;4013.0;0.0;0.0;0.0
965;Retrosplenial area, lateral agranular part, layer 2/3;26;166;152;4620.0;0.0;0.0;0.0
774;Retrosplenial area, lateral agranular part, layer 5;26;166;152;3271.0;0.0;0.0;0.0
906;Retrosplenial area, lateral agranular part, layer 6a;26;166;152;3750.0;0.0;0.0;0.0
279;Retrosplenial area, lateral agranular part, layer 6b;26;166;152;0.0;0.0;0.0;0.0
480149258;Mediomedial anterior visual area;26;166;152;0.0;0.0;0.0;0.0
480149262;Mediomedial anterior visual area, layer 1;26;166;152;0.0;0.0;0.0;0.0
480149266;Mediomedial anterior visual area, layer 2/3;26;166;152;0.0;0.0;0.0;0.0
480149270;Mediomedial anterior visual area, layer 4;26;166;152;0.0;0.0;0.0;0.0
480149274;Mediomedial anterior visual area,layer 5;26;166;152;0.0;0.0;0.0;0.0
480149278;Mediomedial anterior visual area, layer 6a;26;166;152;0.0;0.0;0.0;0.0
480149282;Mediomedial anterior visual area, layer 6b;26;166;152;0.0;0.0;0.0;0.0
480149286;Mediomedial posterior visual area;26;166;152;0.0;0.0;0.0;0.0
480149290;Mediomedial posterior visual area, layer 1;26;166;152;0.0;0.0;0.0;0.0
480149294;Mediomedial posterior visual area, layer 2/3;26;166;152;0.0;0.0;0.0;0.0
480149298;Mediomedial posterior visual area, layer 4;26;166;152;0.0;0.0;0.0;0.0
480149302;Mediomedial posterior visual area,layer 5;26;166;152;0.0;0.0;0.0;0.0
480149306;Mediomedial posterior visual area, layer 6a;26;166;152;0.0;0.0;0.0;0.0
480149310;Mediomedial posterior visual area, layer 6b;26;166;152;0.0;0.0;0.0;0.0
480149314;Medial visual area;26;166;152;0.0;0.0;0.0;0.0
480149318;Medial visual area, layer 1;26;166;152;0.0;0.0;0.0;0.0
480149322;Medial visual area, layer 2/3;26;166;152;0.0;0.0;0.0;0.0
480149326;Medial visual area, layer 4;26;166;152;0.0;0.0;0.0;0.0
480149330;Medial visual area,layer 5;26;166;152;0.0;0.0;0.0;0.0
480149334;Medial visual area, layer 6a;26;166;152;0.0;0.0;0.0;0.0
480149338;Medial visual area, layer 6b;26;166;152;0.0;0.0;0.0;0.0
879;Retrosplenial area, dorsal part;26;166;152;0.0;0.0;0.0;0.0
442;Retrosplenial area, dorsal part, layer 1;26;166;152;3661.0;0.0;0.0;0.0
434;Retrosplenial area, dorsal part, layer 2/3;26;166;152;2763.0;0.0;0.0;0.0
545;Retrosplenial area, dorsal part, layer 4;26;166;152;0.0;0.0;0.0;0.0
610;Retrosplenial area, dorsal part, layer 5;26;166;152;4125.0;0.0;0.0;0.0
274;Retrosplenial area, dorsal part, layer 6a;26;166;152;3718.0;0.0;0.0;0.0
330;Retrosplenial area, dorsal part, layer 6b;26;166;152;0.0;0.0;0.0;0.0
886;Retrosplenial area, ventral part;26;166;152;0.0;0.0;0.0;0.0
542;Retrosplenial area, ventral part, layer 1;26;166;152;0.0;0.0;0.0;0.0
606;Retrosplenial area, ventral part, layer 2;26;166;152;0.0;0.0;0.0;0.0
430;Retrosplenial area, ventral part, layer 2/3;26;166;152;0.0;0.0;0.0;0.0
687;Retrosplenial area, ventral part, layer 5;26;166;152;0.0;0.0;0.0;0.0
590;Retrosplenial area, ventral part, layer 6a;26;166;152;0.0;0.0;0.0;0.0
622;Retrosplenial area, ventral part, layer 6b;26;166;152;0.0;0.0;0.0;0.0
22;Posterior parietal association areas;0;159;172;0.0;0.0;0.0;0.0
532;Posterior parietal association areas, layer 1;0;159;172;0.0;0.0;0.0;0.0
241;Posterior parietal association areas, layer 2/3;0;159;172;0.0;0.0;0.0;0.0
635;Posterior parietal association areas, layer 4;0;159;172;0.0;0.0;0.0;0.0
683;Posterior parietal association areas, layer 5;0;159;172;0.0;0.0;0.0;0.0
308;Posterior parietal association areas, layer 6a;0;159;172;0.0;0.0;0.0;0.0
340;Posterior parietal association areas, layer 6b;0;159;172;0.0;0.0;0.0;0.0
312782546;Anterior area;0;159;172;0.0;0.0;0.0;0.0
312782550;Anterior area, layer 1;0;159;172;7480.0;0.0;0.0;0.0
312782554;Anterior area, layer 2/3;0;159;172;15108.0;160.0;8.0;0.010590415673815197
312782558;Anterior area, layer 4;0;159;172;6050.0;0.0;0.0;0.0
312782562;Anterior area, layer 5;0;159;172;13573.0;0.0;0.0;0.0
312782566;Anterior area, layer 6a;0;159;172;9167.0;154.0;4.0;0.016799389113123158
312782570;Anterior area, layer 6b;0;159;172;1848.0;0.0;0.0;0.0
417;Rostrolateral visual area;0;159;172;0.0;0.0;0.0;0.0
312782604;Rostrolateral area, layer 1;0;159;172;0.0;0.0;0.0;0.0
312782608;Rostrolateral area, layer 2/3;0;159;172;0.0;0.0;0.0;0.0
312782612;Rostrolateral area, layer 4;0;159;172;0.0;0.0;0.0;0.0
312782616;Rostrolateral area, layer 5;0;159;172;0.0;0.0;0.0;0.0
312782620;Rostrolateral area, layer 6a;0;159;172;0.0;0.0;0.0;0.0
312782624;Rostrolateral area, layer 6b;0;159;172;0.0;0.0;0.0;0.0
541;Temporal association areas;21;176;179;0.0;0.0;0.0;0.0
97;Temporal association areas, layer 1;21;176;179;0.0;0.0;0.0;0.0
1127;Temporal association areas, layer 2/3;21;176;179;0.0;0.0;0.0;0.0
234;Temporal association areas, layer 4;21;176;179;0.0;0.0;0.0;0.0
289;Temporal association areas, layer 5;21;176;179;0.0;0.0;0.0;0.0
729;Temporal association areas, layer 6a;21;176;179;0.0;0.0;0.0;0.0
786;Temporal association areas, layer 6b;21;176;179;0.0;0.0;0.0;0.0
922;Perirhinal area;14;150;132;0.0;0.0;0.0;0.0
540;Perirhinal area, layer 1;14;150;132;0.0;0.0;0.0;0.0
888;Perirhinal area, layer 2/3;14;150;132;0.0;0.0;0.0;0.0
692;Perirhinal area, layer 5;14;150;132;0.0;0.0;0.0;0.0
335;Perirhinal area, layer 6a;14;150;132;0.0;0.0;0.0;0.0
368;Perirhinal area, layer 6b;14;150;132;0.0;0.0;0.0;0.0
895;Ectorhinal area;13;159;145;0.0;0.0;0.0;0.0
836;Ectorhinal area/Layer 1;13;159;145;0.0;0.0;0.0;0.0
427;Ectorhinal area/Layer 2/3;13;159;145;0.0;0.0;0.0;0.0
988;Ectorhinal area/Layer 5;13;159;145;0.0;0.0;0.0;0.0
977;Ectorhinal area/Layer 6a;13;159;145;0.0;0.0;0.0;0.0
1045;Ectorhinal area/Layer 6b;13;159;145;0.0;0.0;0.0;0.0
698;Olfactory areas;154;210;189;35965.0;371.0;4.0;0.010315584596135132
507;Main olfactory bulb;154;210;189;0.0;0.0;0.0;0.0
212;Main olfactory bulb, glomerular layer;130;199;174;0.0;0.0;0.0;0.0
220;Main olfactory bulb, granule layer;130;199;174;0.0;0.0;0.0;0.0
228;Main olfactory bulb, inner plexiform layer;154;210;189;0.0;0.0;0.0;0.0
236;Main olfactory bulb, mitral layer;130;199;174;0.0;0.0;0.0;0.0
244;Main olfactory bulb, outer plexiform layer;154;210;189;0.0;0.0;0.0;0.0
151;Accessory olfactory bulb;157;240;210;0.0;0.0;0.0;0.0
188;Accessory olfactory bulb, glomerular layer;157;240;210;0.0;0.0;0.0;0.0
196;Accessory olfactory bulb, granular layer;149;228;200;0.0;0.0;0.0;0.0
204;Accessory olfactory bulb, mitral layer;157;240;210;0.0;0.0;0.0;0.0
159;Anterior olfactory nucleus;84;191;148;13665.0;211.0;2.0;0.015440907427735089
167;Anterior olfactory nucleus, dorsal part;84;191;148;0.0;0.0;0.0;0.0
175;Anterior olfactory nucleus, external part;84;191;148;0.0;0.0;0.0;0.0
183;Anterior olfactory nucleus, lateral part;84;191;148;0.0;0.0;0.0;0.0
191;Anterior olfactory nucleus, medial part;84;191;148;0.0;0.0;0.0;0.0
199;Anterior olfactory nucleus, posteroventral part;84;191;148;0.0;0.0;0.0;0.0
160;Anterior olfactory nucleus, layer 1;84;191;148;0.0;0.0;0.0;0.0
168;Anterior olfactory nucleus, layer 2;84;191;148;0.0;0.0;0.0;0.0
589;Taenia tecta;98;208;159;0.0;0.0;0.0;0.0
597;Taenia tecta, dorsal part;98;208;159;0.0;0.0;0.0;0.0
297;Taenia tecta, dorsal part, layers 1-4;98;208;159;0.0;0.0;0.0;0.0
1034;Taenia tecta, dorsal part, layer 1;98;208;159;0.0;0.0;0.0;0.0
1042;Taenia tecta, dorsal part, layer 2;98;208;159;0.0;0.0;0.0;0.0
1050;Taenia tecta, dorsal part, layer 3;98;208;159;0.0;0.0;0.0;0.0
1059;Taenia tecta, dorsal part, layer 4;98;208;159;0.0;0.0;0.0;0.0
605;Taenia tecta, ventral part;98;208;159;0.0;0.0;0.0;0.0
306;Taenia tecta, ventral part, layers 1-3;98;208;159;0.0;0.0;0.0;0.0
1067;Taenia tecta, ventral part, layer 1;98;208;159;0.0;0.0;0.0;0.0
1075;Taenia tecta, ventral part, layer 2;98;208;159;0.0;0.0;0.0;0.0
1082;Taenia tecta, ventral part, layer 3;98;208;159;0.0;0.0;0.0;0.0
814;Dorsal peduncular area;164;218;164;0.0;0.0;0.0;0.0
496;Dorsal peduncular area, layer 1;164;218;164;0.0;0.0;0.0;0.0
535;Dorsal peduncular area, layer 2;164;218;164;0.0;0.0;0.0;0.0
360;Dorsal peduncular area, layer 2/3;164;218;164;0.0;0.0;0.0;0.0
646;Dorsal peduncular area, layer 5;164;218;164;0.0;0.0;0.0;0.0
267;Dorsal peduncular area, layer 6a;164;218;164;0.0;0.0;0.0;0.0
961;Piriform area;106;203;186;74275.0;2038.0;7.0;0.027438572871087176
152;Piriform area, layers 1-3;106;203;186;0.0;0.0;0.0;0.0
276;Piriform area, molecular layer;106;203;186;0.0;0.0;0.0;0.0
284;Piriform area, pyramidal layer;106;203;186;0.0;0.0;0.0;0.0
291;Piriform area, polymorph layer;106;203;186;0.0;0.0;0.0;0.0
619;Nucleus of the lateral olfactory tract;149;228;200;0.0;0.0;0.0;0.0
392;Nucleus of the lateral olfactory tract, layers 1-3;149;228;200;0.0;0.0;0.0;0.0
260;Nucleus of the lateral olfactory tract, molecular layer;149;228;200;11389.0;63.0;1.0;0.005531653349723417
268;Nucleus of the lateral olfactory tract, pyramidal layer;149;228;200;15772.0;0.0;0.0;0.0
1139;Nucleus of the lateral olfactory tract, layer 3;149;228;200;5913.0;25.0;4.0;0.004227972264501945
631;Cortical amygdalar area;97;231;183;0.0;0.0;0.0;0.0
639;Cortical amygdalar area, anterior part;97;231;183;1113.0;111.0;1.0;0.09973045822102426
192;Cortical amygdalar area, anterior part, layer 1;97;231;183;0.0;0.0;0.0;0.0
200;Cortical amygdalar area, anterior part, layer 2;97;231;183;0.0;0.0;0.0;0.0
208;Cortical amygdalar area, anterior part, layer 3;97;231;183;0.0;0.0;0.0;0.0
647;Cortical amygdalar area, posterior part;97;231;183;0.0;0.0;0.0;0.0
655;Cortical amygdalar area, posterior part, lateral zone;97;231;183;0.0;0.0;0.0;0.0
584;Cortical amygdalar area, posterior part, lateral zone, layers 1-2;97;231;183;0.0;0.0;0.0;0.0
376;Cortical amygdalar area, posterior part, lateral zone, layers 1-3;97;231;183;0.0;0.0;0.0;0.0
216;Cortical amygdalar area, posterior part, lateral zone, layer 1;97;231;183;0.0;0.0;0.0;0.0
224;Cortical amygdalar area, posterior part, lateral zone, layer 2;97;231;183;0.0;0.0;0.0;0.0
232;Cortical amygdalar area, posterior part, lateral zone, layer 3;97;231;183;0.0;0.0;0.0;0.0
663;Cortical amygdalar area, posterior part, medial zone;97;231;183;11850.0;0.0;0.0;0.0
592;Cortical amygdalar area, posterior part, medial zone, layers 1-2;97;231;183;0.0;0.0;0.0;0.0
383;Cortical amygdalar area, posterior part, medial zone, layers 1-3;97;231;183;0.0;0.0;0.0;0.0
240;Cortical amygdalar area, posterior part, medial zone, layer 1;97;231;183;0.0;0.0;0.0;0.0
248;Cortical amygdalar area, posterior part, medial zone, layer 2;97;231;183;0.0;0.0;0.0;0.0
256;Cortical amygdalar area, posterior part, medial zone, layer 3;97;231;183;0.0;0.0;0.0;0.0
788;Piriform-amygdalar area;89;218;171;0.0;0.0;0.0;0.0
400;Piriform-amygdalar area, layers 1-3;89;218;171;0.0;0.0;0.0;0.0
408;Piriform-amygdalar area, molecular layer;89;218;171;0.0;0.0;0.0;0.0
416;Piriform-amygdalar area, pyramidal layer;89;218;171;0.0;0.0;0.0;0.0
424;Piriform-amygdalar area, polymorph layer;89;218;171;0.0;0.0;0.0;0.0
566;Postpiriform transition area;168;236;211;0.0;0.0;0.0;0.0
517;Postpiriform transition area, layers 1-3;168;236;211;0.0;0.0;0.0;0.0
1140;Postpiriform transition area, layers 1;168;236;211;0.0;0.0;0.0;0.0
1141;Postpiriform transition area, layers 2;168;236;211;0.0;0.0;0.0;0.0
1142;Postpiriform transition area, layers 3;168;236;211;0.0;0.0;0.0;0.0
1089;Hippocampal formation;126;208;75;5430.0;10.0;1.0;0.001841620626151013
1080;Hippocampal region;126;208;75;0.0;0.0;0.0;0.0
375;Ammon's horn;126;208;75;0.0;0.0;0.0;0.0
382;Field CA1;126;208;75;76072.0;3033.0;1.0;0.03987012304132927
391;Field CA1, stratum lacunosum-moleculare;126;208;75;0.0;0.0;0.0;0.0
399;Field CA1, stratum oriens;126;208;75;0.0;0.0;0.0;0.0
407;Field CA1, pyramidal layer;102;168;61;0.0;0.0;0.0;0.0
415;Field CA1, stratum radiatum;126;208;75;0.0;0.0;0.0;0.0
423;Field CA2;126;208;75;3341.0;0.0;0.0;0.0
431;Field CA2, stratum lacunosum-moleculare;126;208;75;0.0;0.0;0.0;0.0
438;Field CA2, stratum oriens;126;208;75;0.0;0.0;0.0;0.0
446;Field CA2, pyramidal layer;102;168;61;0.0;0.0;0.0;0.0
454;Field CA2, stratum radiatum;126;208;75;0.0;0.0;0.0;0.0
463;Field CA3;126;208;75;70159.0;2032.0;13.0;0.028962784532276686
471;Field CA3, stratum lacunosum-moleculare;126;208;75;0.0;0.0;0.0;0.0
479;Field CA3, stratum lucidum;126;208;75;0.0;0.0;0.0;0.0
486;Field CA3, stratum oriens;126;208;75;0.0;0.0;0.0;0.0
495;Field CA3, pyramidal layer;102;168;61;0.0;0.0;0.0;0.0
504;Field CA3, stratum radiatum;126;208;75;0.0;0.0;0.0;0.0
726;Dentate gyrus;126;208;75;0.0;0.0;0.0;0.0
10703;Dentate gyrus, molecular layer;126;208;75;61866.0;1272.0;1.0;0.020560566385413637
10704;Dentate gyrus, polymorph layer;126;208;75;9731.0;160.0;2.0;0.016442297811119104
632;Dentate gyrus, granule cell layer;102;168;61;23934.0;616.0;4.0;0.025737444639425084
10702;Dentate gyrus, subgranular zone;126;208;75;0.0;0.0;0.0;0.0
734;Dentate gyrus crest;126;208;75;0.0;0.0;0.0;0.0
742;Dentate gyrus crest, molecular layer;126;208;75;0.0;0.0;0.0;0.0
751;Dentate gyrus crest, polymorph layer;126;208;75;0.0;0.0;0.0;0.0
758;Dentate gyrus crest, granule cell layer;126;208;75;0.0;0.0;0.0;0.0
766;Dentate gyrus lateral blade;126;208;75;0.0;0.0;0.0;0.0
775;Dentate gyrus lateral blade, molecular layer;126;208;75;0.0;0.0;0.0;0.0
782;Dentate gyrus lateral blade, polymorph layer;126;208;75;0.0;0.0;0.0;0.0
790;Dentate gyrus lateral blade, granule cell layer;126;208;75;0.0;0.0;0.0;0.0
799;Dentate gyrus medial blade;126;208;75;0.0;0.0;0.0;0.0
807;Dentate gyrus medial blade, molecular layer;126;208;75;0.0;0.0;0.0;0.0
815;Dentate gyrus medial blade, polymorph layer;126;208;75;0.0;0.0;0.0;0.0
823;Dentate gyrus medial blade, granule cell layer;126;208;75;0.0;0.0;0.0;0.0
982;Fasciola cinerea;126;208;75;0.0;0.0;0.0;0.0
19;Induseum griseum;126;208;75;0.0;0.0;0.0;0.0
822;Retrohippocampal region;50;184;37;0.0;0.0;0.0;0.0
909;Entorhinal area;50;184;37;0.0;0.0;0.0;0.0
918;Entorhinal area, lateral part;50;184;37;0.0;0.0;0.0;0.0
1121;Entorhinal area, lateral part, layer 1;50;184;37;0.0;0.0;0.0;0.0
20;Entorhinal area, lateral part, layer 2;50;184;37;0.0;0.0;0.0;0.0
999;Entorhinal area, lateral part, layer 2/3;50;184;37;0.0;0.0;0.0;0.0
715;Entorhinal area, lateral part, layer 2a;50;184;37;0.0;0.0;0.0;0.0
764;Entorhinal area, lateral part, layer 2b;50;184;37;0.0;0.0;0.0;0.0
52;Entorhinal area, lateral part, layer 3;50;184;37;0.0;0.0;0.0;0.0
92;Entorhinal area, lateral part, layer 4;50;184;37;0.0;0.0;0.0;0.0
312;Entorhinal area, lateral part, layer 4/5;50;184;37;0.0;0.0;0.0;0.0
139;Entorhinal area, lateral part, layer 5;50;184;37;0.0;0.0;0.0;0.0
387;Entorhinal area, lateral part, layer 5/6;50;184;37;0.0;0.0;0.0;0.0
28;Entorhinal area, lateral part, layer 6a;50;184;37;0.0;0.0;0.0;0.0
60;Entorhinal area, lateral part, layer 6b;50;184;37;0.0;0.0;0.0;0.0
926;Entorhinal area, medial part, dorsal zone;50;184;37;0.0;0.0;0.0;0.0
526;Entorhinal area, medial part, dorsal zone, layer 1;50;184;37;0.0;0.0;0.0;0.0
543;Entorhinal area, medial part, dorsal zone, layer 2;50;184;37;0.0;0.0;0.0;0.0
468;Entorhinal area, medial part, dorsal zone, layer 2a;50;184;37;0.0;0.0;0.0;0.0
508;Entorhinal area, medial part, dorsal zone, layer 2b;50;184;37;0.0;0.0;0.0;0.0
664;Entorhinal area, medial part, dorsal zone, layer 3;50;184;37;0.0;0.0;0.0;0.0
712;Entorhinal area, medial part, dorsal zone, layer 4;50;184;37;0.0;0.0;0.0;0.0
727;Entorhinal area, medial part, dorsal zone, layer 5;50;184;37;0.0;0.0;0.0;0.0
550;Entorhinal area, medial part, dorsal zone, layer 5/6;50;184;37;0.0;0.0;0.0;0.0
743;Entorhinal area, medial part, dorsal zone, layer 6;50;184;37;0.0;0.0;0.0;0.0
934;Entorhinal area, medial part, ventral zone;50;184;37;0.0;0.0;0.0;0.0
259;Entorhinal area, medial part, ventral zone, layer 1;50;184;37;0.0;0.0;0.0;0.0
324;Entorhinal area, medial part, ventral zone, layer 2;50;184;37;0.0;0.0;0.0;0.0
371;Entorhinal area, medial part, ventral zone, layer 3;50;184;37;0.0;0.0;0.0;0.0
419;Entorhinal area, medial part, ventral zone, layer 4;50;184;37;0.0;0.0;0.0;0.0
1133;Entorhinal area, medial part, ventral zone, layer 5/6;50;184;37;0.0;0.0;0.0;0.0
843;Parasubiculum;114;213;105;0.0;0.0;0.0;0.0
10693;Parasubiculum, layer 1;114;213;105;0.0;0.0;0.0;0.0
10694;Parasubiculum, layer 2;114;213;105;0.0;0.0;0.0;0.0
10695;Parasubiculum, layer 3;114;213;105;0.0;0.0;0.0;0.0
1037;Postsubiculum;72;200;60;55812.0;729.0;1.0;0.013061707159750592
10696;Postsubiculum, layer 1;72;200;60;0.0;0.0;0.0;0.0
10697;Postsubiculum, layer 2;72;200;60;0.0;0.0;0.0;0.0
10698;Postsubiculum, layer 3;72;200;60;0.0;0.0;0.0;0.0
1084;Presubiculum;89;185;71;0.0;0.0;0.0;0.0
10699;Presubiculum, layer 1;89;185;71;0.0;0.0;0.0;0.0
10700;Presubiculum, layer 2;89;185;71;0.0;0.0;0.0;0.0
10701;Presubiculum, layer 3;89;185;71;0.0;0.0;0.0;0.0
502;Subiculum;79;194;68;17788.0;944.0;1.0;0.05306948504609849
509;Subiculum, dorsal part;79;194;68;0.0;0.0;0.0;0.0
829;Subiculum, dorsal part, molecular layer;79;194;68;0.0;0.0;0.0;0.0
845;Subiculum, dorsal part, pyramidal layer;75;181;71;0.0;0.0;0.0;0.0
837;Subiculum, dorsal part, stratum radiatum;79;194;68;0.0;0.0;0.0;0.0
518;Subiculum, ventral part;79;194;68;0.0;0.0;0.0;0.0
853;Subiculum, ventral part, molecular layer;79;194;68;0.0;0.0;0.0;0.0
870;Subiculum, ventral part, pyramidal layer;75;181;71;0.0;0.0;0.0;0.0
861;Subiculum, ventral part, stratum radiatum;79;194;68;0.0;0.0;0.0;0.0
484682470;Prosubiculum;88;186;72;6686.0;0.0;0.0;0.0
484682475;Prosubiculum, dorsal part;88;186;72;0.0;0.0;0.0;0.0
484682479;Prosubiculum, dorsal part, molecular layer;88;186;72;0.0;0.0;0.0;0.0
484682483;Prosubiculum, dorsal part, pyramidal layer;86;184;75;0.0;0.0;0.0;0.0
484682487;Prosubiculum, dorsal part, stratum radiatum;88;186;72;0.0;0.0;0.0;0.0
484682492;Prosubiculum, ventral part;88;186;72;0.0;0.0;0.0;0.0
484682496;Prosubiculum, ventral part, molecular layer;88;186;72;0.0;0.0;0.0;0.0
484682500;Prosubiculum, ventral part, pyramidal layer;86;184;75;0.0;0.0;0.0;0.0
484682504;Prosubiculum, ventral part, stratum radiatum;88;186;72;0.0;0.0;0.0;0.0
589508447;Hippocampo-amygdalar transition area;51;185;50;9018.0;0.0;0.0;0.0
484682508;Area prostriata;51;185;50;11173.0;0.0;0.0;0.0
703;Cortical subplate;138;218;135;925.0;0.0;0.0;0.0
16;Layer 6b, isocortex;138;218;135;0.0;0.0;0.0;0.0
583;Claustrum;138;218;135;6666.0;0.0;0.0;0.0
942;Endopiriform nucleus;160;238;157;0.0;0.0;0.0;0.0
952;Endopiriform nucleus, dorsal part;160;238;157;16047.0;113.0;4.0;0.007041814669408612
966;Endopiriform nucleus, ventral part;160;238;157;0.0;0.0;0.0;0.0
131;Lateral amygdalar nucleus;144;235;141;0.0;0.0;0.0;0.0
295;Basolateral amygdalar nucleus;157;231;156;0.0;0.0;0.0;0.0
303;Basolateral amygdalar nucleus, anterior part;157;231;156;0.0;0.0;0.0;0.0
311;Basolateral amygdalar nucleus, posterior part;157;231;156;0.0;0.0;0.0;0.0
451;Basolateral amygdalar nucleus, ventral part;157;231;156;0.0;0.0;0.0;0.0
319;Basomedial amygdalar nucleus;132;234;129;0.0;0.0;0.0;0.0
327;Basomedial amygdalar nucleus, anterior part;132;234;129;0.0;0.0;0.0;0.0
334;Basomedial amygdalar nucleus, posterior part;132;234;129;0.0;0.0;0.0;0.0
780;Posterior amygdalar nucleus;151;236;147;20012.0;0.0;0.0;0.0
623;Cerebral nuclei;152;214;249;0.0;0.0;0.0;0.0
477;Striatum;152;214;249;15215.0;0.0;0.0;0.0
485;Striatum dorsal region;152;214;249;0.0;0.0;0.0;0.0
672;Caudoputamen;152;214;249;465812.0;364.0;4.0;0.0007814311353078066
493;Striatum ventral region;128;205;248;0.0;0.0;0.0;0.0
56;Nucleus accumbens;128;205;248;46559.0;762.0;5.0;0.01636633089198651
998;Fundus of striatum;128;205;248;12156.0;78.0;5.0;0.006416584402764067
754;Olfactory tubercle;128;205;248;89254.0;399.0;2.0;0.004470387881775607
481;Islands of Calleja;128;205;248;0.0;0.0;0.0;0.0
489;Major island of Calleja;128;205;248;0.0;0.0;0.0;0.0
144;Olfactory tubercle, layers 1-3;128;205;248;0.0;0.0;0.0;0.0
458;Olfactory tubercle, molecular layer;128;205;248;0.0;0.0;0.0;0.0
465;Olfactory tubercle, pyramidal layer;128;205;248;0.0;0.0;0.0;0.0
473;Olfactory tubercle, polymorph layer;128;205;248;0.0;0.0;0.0;0.0
549009199;Lateral strip of striatum;128;205;248;0.0;0.0;0.0;0.0
275;Lateral septal complex;144;203;237;0.0;0.0;0.0;0.0
242;Lateral septal nucleus;144;203;237;0.0;0.0;0.0;0.0
250;Lateral septal nucleus, caudal (caudodorsal) part;144;203;237;0.0;0.0;0.0;0.0
258;Lateral septal nucleus, rostral (rostroventral) part;144;203;237;0.0;0.0;0.0;0.0
266;Lateral septal nucleus, ventral part;144;203;237;0.0;0.0;0.0;0.0
310;Septofimbrial nucleus;144;203;237;0.0;0.0;0.0;0.0
333;Septohippocampal nucleus;144;203;237;0.0;0.0;0.0;0.0
278;Striatum-like amygdalar nuclei;128;192;226;0.0;0.0;0.0;0.0
23;Anterior amygdalar area;128;192;226;31491.0;194.0;1.0;0.006160490298815534
292;Bed nucleus of the accessory olfactory tract;128;192;226;1516.0;96.0;6.0;0.0633245382585752
536;Central amygdalar nucleus;128;192;226;0.0;0.0;0.0;0.0
544;Central amygdalar nucleus, capsular part;128;192;226;0.0;0.0;0.0;0.0
551;Central amygdalar nucleus, lateral part;128;192;226;0.0;0.0;0.0;0.0
559;Central amygdalar nucleus, medial part;128;192;226;15383.0;23.0;1.0;0.0014951569914841058
1105;Intercalated amygdalar nucleus;128;192;226;0.0;0.0;0.0;0.0
403;Medial amygdalar nucleus;128;192;226;119651.0;1054.0;1.0;0.008808952704114466
411;Medial amygdalar nucleus, anterodorsal part;128;192;226;0.0;0.0;0.0;0.0
418;Medial amygdalar nucleus, anteroventral part;128;192;226;0.0;0.0;0.0;0.0
426;Medial amygdalar nucleus, posterodorsal part;128;192;226;0.0;0.0;0.0;0.0
472;Medial amygdalar nucleus, posterodorsal part, sublayer a;128;192;226;0.0;0.0;0.0;0.0
480;Medial amygdalar nucleus, posterodorsal part, sublayer b;128;192;226;0.0;0.0;0.0;0.0
487;Medial amygdalar nucleus, posterodorsal part, sublayer c;128;192;226;0.0;0.0;0.0;0.0
435;Medial amygdalar nucleus, posteroventral part;128;192;226;0.0;0.0;0.0;0.0
803;Pallidum;133;153;204;14966.0;0.0;0.0;0.0
818;Pallidum, dorsal region;133;153;204;0.0;0.0;0.0;0.0
1022;Globus pallidus, external segment;133;153;204;52037.0;0.0;0.0;0.0
1031;Globus pallidus, internal segment;133;153;204;29547.0;0.0;0.0;0.0
835;Pallidum, ventral region;162;177;216;0.0;0.0;0.0;0.0
342;Substantia innominata;162;177;216;78615.0;264.0;2.0;0.0033581377599694717
298;Magnocellular nucleus;162;177;216;7772.0;571.0;3.0;0.07346886258363355
826;Pallidum, medial region;150;167;211;0.0;0.0;0.0;0.0
904;Medial septal complex;150;167;211;0.0;0.0;0.0;0.0
564;Medial septal nucleus;150;167;211;0.0;0.0;0.0;0.0
596;Diagonal band nucleus;150;167;211;0.0;0.0;0.0;0.0
581;Triangular nucleus of septum;150;167;211;0.0;0.0;0.0;0.0
809;Pallidum, caudal region;179;192;223;0.0;0.0;0.0;0.0
351;Bed nuclei of the stria terminalis;179;192;223;0.0;0.0;0.0;0.0
359;Bed nuclei of the stria terminalis, anterior division;179;192;223;0.0;0.0;0.0;0.0
537;Bed nuclei of the stria terminalis, anterior division, anterolateral area;179;192;223;0.0;0.0;0.0;0.0
498;Bed nuclei of the stria terminalis, anterior division, anteromedial area;179;192;223;0.0;0.0;0.0;0.0
505;Bed nuclei of the stria terminalis, anterior division, dorsomedial nucleus;179;192;223;0.0;0.0;0.0;0.0
513;Bed nuclei of the stria terminalis, anterior division, fusiform nucleus;179;192;223;0.0;0.0;0.0;0.0
546;Bed nuclei of the stria terminalis, anterior division, juxtacapsular nucleus;179;192;223;0.0;0.0;0.0;0.0
521;Bed nuclei of the stria terminalis, anterior division, magnocellular nucleus;179;192;223;0.0;0.0;0.0;0.0
554;Bed nuclei of the stria terminalis, anterior division, oval nucleus;179;192;223;0.0;0.0;0.0;0.0
562;Bed nuclei of the stria terminalis, anterior division, rhomboid nucleus;179;192;223;0.0;0.0;0.0;0.0
529;Bed nuclei of the stria terminalis, anterior division, ventral nucleus;179;192;223;0.0;0.0;0.0;0.0
367;Bed nuclei of the stria terminalis, posterior division;179;192;223;0.0;0.0;0.0;0.0
569;Bed nuclei of the stria terminalis, posterior division, dorsal nucleus;179;192;223;0.0;0.0;0.0;0.0
578;Bed nuclei of the stria terminalis, posterior division, principal nucleus;179;192;223;0.0;0.0;0.0;0.0
585;Bed nuclei of the stria terminalis, posterior division, interfascicular nucleus;179;192;223;0.0;0.0;0.0;0.0
594;Bed nuclei of the stria terminalis, posterior division, transverse nucleus;179;192;223;0.0;0.0;0.0;0.0
602;Bed nuclei of the stria terminalis, posterior division, strial extension;179;192;223;0.0;0.0;0.0;0.0
287;Bed nucleus of the anterior commissure;179;192;223;0.0;0.0;0.0;0.0
343;Brain stem;255;112;128;0.0;0.0;0.0;0.0
1129;Interbrain;255;112;128;0.0;0.0;0.0;0.0
549;Thalamus;255;112;128;23371.0;181.0;1.0;0.007744640794146592
864;Thalamus, sensory-motor cortex related;255;128;132;0.0;0.0;0.0;0.0
637;Ventral group of the dorsal thalamus;255;128;132;0.0;0.0;0.0;0.0
629;Ventral anterior-lateral complex of the thalamus;255;128;132;0.0;0.0;0.0;0.0
685;Ventral medial nucleus of the thalamus;255;128;132;0.0;0.0;0.0;0.0
709;Ventral posterior complex of the thalamus;255;128;132;0.0;0.0;0.0;0.0
718;Ventral posterolateral nucleus of the thalamus;255;128;132;49089.0;16.0;1.0;0.0003259386013159771
725;Ventral posterolateral nucleus of the thalamus, parvicellular part;255;128;132;0.0;0.0;0.0;0.0
733;Ventral posteromedial nucleus of the thalamus;255;128;132;59578.0;247.0;1.0;0.004145825640337037
741;Ventral posteromedial nucleus of the thalamus, parvicellular part;255;128;132;0.0;0.0;0.0;0.0
563807435;Posterior triangular thalamic nucleus;255;128;132;770.0;0.0;0.0;0.0
406;Subparafascicular nucleus;255;128;132;0.0;0.0;0.0;0.0
414;Subparafascicular nucleus, magnocellular part;255;128;132;0.0;0.0;0.0;0.0
422;Subparafascicular nucleus, parvicellular part;255;128;132;0.0;0.0;0.0;0.0
609;Subparafascicular area;255;128;132;0.0;0.0;0.0;0.0
1044;Peripeduncular nucleus;255;128;132;5016.0;0.0;0.0;0.0
1008;Geniculate group, dorsal thalamus;255;128;132;0.0;0.0;0.0;0.0
475;Medial geniculate complex;255;128;132;0.0;0.0;0.0;0.0
1072;Medial geniculate complex, dorsal part;255;128;132;6226.0;297.0;1.0;0.04770318021201413
1079;Medial geniculate complex, ventral part;255;128;132;15540.0;91.0;1.0;0.005855855855855856
1088;Medial geniculate complex, medial part;255;128;132;18069.0;215.0;7.0;0.01189883225413692
170;Dorsal part of the lateral geniculate complex;255;128;132;0.0;0.0;0.0;0.0
496345664;Dorsal part of the lateral geniculate complex, shell;255;128;132;5797.0;0.0;0.0;0.0
496345668;Dorsal part of the lateral geniculate complex, core;255;128;132;26037.0;0.0;0.0;0.0
496345672;Dorsal part of the lateral geniculate complex, ipsilateral zone;255;128;132;13490.0;0.0;0.0;0.0
856;Thalamus, polymodal association cortex related;255;144;159;0.0;0.0;0.0;0.0
138;Lateral group of the dorsal thalamus;255;144;159;0.0;0.0;0.0;0.0
218;Lateral posterior nucleus of the thalamus;255;144;159;12582.0;169.0;1.0;0.013431886822444762
1020;Posterior complex of the thalamus;255;144;159;0.0;0.0;0.0;0.0
1029;Posterior limiting nucleus of the thalamus;255;144;159;0.0;0.0;0.0;0.0
325;Suprageniculate nucleus;255;144;159;16741.0;250.0;15.0;0.014933397049160742
560581551;Ethmoid nucleus of the thalamus;255;144;159;0.0;0.0;0.0;0.0
560581555;Retroethmoid nucleus;255;144;159;0.0;0.0;0.0;0.0
239;Anterior group of the dorsal thalamus;255;144;159;0.0;0.0;0.0;0.0
255;Anteroventral nucleus of thalamus;255;144;159;0.0;0.0;0.0;0.0
127;Anteromedial nucleus;255;144;159;0.0;0.0;0.0;0.0
1096;Anteromedial nucleus, dorsal part;255;144;159;0.0;0.0;0.0;0.0
1104;Anteromedial nucleus, ventral part;255;144;159;0.0;0.0;0.0;0.0
64;Anterodorsal nucleus;255;144;159;0.0;0.0;0.0;0.0
1120;Interanteromedial nucleus of the thalamus;255;144;159;0.0;0.0;0.0;0.0
1113;Interanterodorsal nucleus of the thalamus;255;144;159;0.0;0.0;0.0;0.0
155;Lateral dorsal nucleus of thalamus;255;144;159;5759.0;159.0;1.0;0.027608959888869595
444;Medial group of the dorsal thalamus;255;144;159;0.0;0.0;0.0;0.0
59;Intermediodorsal nucleus of the thalamus;255;144;159;0.0;0.0;0.0;0.0
362;Mediodorsal nucleus of thalamus;255;144;159;0.0;0.0;0.0;0.0
617;Mediodorsal nucleus of the thalamus, central part;255;144;159;0.0;0.0;0.0;0.0
626;Mediodorsal nucleus of the thalamus, lateral part;255;144;159;0.0;0.0;0.0;0.0
636;Mediodorsal nucleus of the thalamus, medial part;255;144;159;0.0;0.0;0.0;0.0
366;Submedial nucleus of the thalamus;255;144;159;0.0;0.0;0.0;0.0
1077;Perireunensis nucleus;255;144;159;0.0;0.0;0.0;0.0
571;Midline group of the dorsal thalamus;255;144;159;0.0;0.0;0.0;0.0
149;Paraventricular nucleus of the thalamus;255;144;159;0.0;0.0;0.0;0.0
15;Parataenial nucleus;255;144;159;0.0;0.0;0.0;0.0
181;Nucleus of reuniens;255;144;159;0.0;0.0;0.0;0.0
560581559;Xiphoid thalamic nucleus;255;144;159;0.0;0.0;0.0;0.0
51;Intralaminar nuclei of the dorsal thalamus;255;144;159;0.0;0.0;0.0;0.0
189;Rhomboid nucleus;255;144;159;0.0;0.0;0.0;0.0
599;Central medial nucleus of the thalamus;255;144;159;0.0;0.0;0.0;0.0
907;Paracentral nucleus;255;144;159;0.0;0.0;0.0;0.0
575;Central lateral nucleus of the thalamus;255;144;159;0.0;0.0;0.0;0.0
930;Parafascicular nucleus;255;144;159;0.0;0.0;0.0;0.0
560581563;Posterior intralaminar thalamic nucleus;255;144;159;17250.0;0.0;0.0;0.0
262;Reticular nucleus of the thalamus;255;144;159;29781.0;168.0;1.0;0.005641180618515161
1014;Geniculate group, ventral thalamus;255;144;159;0.0;0.0;0.0;0.0
27;Intergeniculate leaflet of the lateral geniculate complex;255;144;159;0.0;0.0;0.0;0.0
563807439;Intermediate geniculate nucleus;255;144;159;0.0;0.0;0.0;0.0
178;Ventral part of the lateral geniculate complex;255;144;159;0.0;0.0;0.0;0.0
300;Ventral part of the lateral geniculate complex, lateral zone;255;144;159;0.0;0.0;0.0;0.0
316;Ventral part of the lateral geniculate complex, medial zone;255;144;159;0.0;0.0;0.0;0.0
321;Subgeniculate nucleus;255;144;159;0.0;0.0;0.0;0.0
958;Epithalamus;255;144;159;0.0;0.0;0.0;0.0
483;Medial habenula;255;144;159;0.0;0.0;0.0;0.0
186;Lateral habenula;255;144;159;0.0;0.0;0.0;0.0
953;Pineal body;255;144;159;0.0;0.0;0.0;0.0
1097;Hypothalamus;230;68;56;3212.0;0.0;0.0;0.0
157;Periventricular zone;255;93;80;0.0;0.0;0.0;0.0
390;Supraoptic nucleus;255;93;80;0.0;0.0;0.0;0.0
332;Accessory supraoptic group;255;93;80;0.0;0.0;0.0;0.0
432;Nucleus circularis;255;93;80;0.0;0.0;0.0;0.0
38;Paraventricular hypothalamic nucleus;255;93;80;0.0;0.0;0.0;0.0
71;Paraventricular hypothalamic nucleus, magnocellular division;255;93;80;0.0;0.0;0.0;0.0
47;Paraventricular hypothalamic nucleus, magnocellular division, anterior magnocellular part;255;93;80;0.0;0.0;0.0;0.0
79;Paraventricular hypothalamic nucleus, magnocellular division, medial magnocellular part;255;93;80;0.0;0.0;0.0;0.0
103;Paraventricular hypothalamic nucleus, magnocellular division, posterior magnocellular part;255;93;80;0.0;0.0;0.0;0.0
652;Paraventricular hypothalamic nucleus, magnocellular division, posterior magnocellular part, lateral zone;255;93;80;0.0;0.0;0.0;0.0
660;Paraventricular hypothalamic nucleus, magnocellular division, posterior magnocellular part, medial zone;255;93;80;0.0;0.0;0.0;0.0
94;Paraventricular hypothalamic nucleus, parvicellular division;255;93;80;0.0;0.0;0.0;0.0
55;Paraventricular hypothalamic nucleus, parvicellular division, anterior parvicellular part;255;93;80;0.0;0.0;0.0;0.0
87;Paraventricular hypothalamic nucleus, parvicellular division, medial parvicellular part, dorsal zone;255;93;80;0.0;0.0;0.0;0.0
110;Paraventricular hypothalamic nucleus, parvicellular division, periventricular part;255;93;80;0.0;0.0;0.0;0.0
30;Periventricular hypothalamic nucleus, anterior part;255;93;80;0.0;0.0;0.0;0.0
118;Periventricular hypothalamic nucleus, intermediate part;255;93;80;0.0;0.0;0.0;0.0
223;Arcuate hypothalamic nucleus;255;93;80;0.0;0.0;0.0;0.0
141;Periventricular region;255;85;71;0.0;0.0;0.0;0.0
72;Anterodorsal preoptic nucleus;255;85;71;0.0;0.0;0.0;0.0
80;Anterior hypothalamic area;255;85;71;0.0;0.0;0.0;0.0
263;Anteroventral preoptic nucleus;255;85;71;0.0;0.0;0.0;0.0
272;Anteroventral periventricular nucleus;255;85;71;0.0;0.0;0.0;0.0
830;Dorsomedial nucleus of the hypothalamus;255;85;71;0.0;0.0;0.0;0.0
668;Dorsomedial nucleus of the hypothalamus, anterior part;255;85;71;0.0;0.0;0.0;0.0
676;Dorsomedial nucleus of the hypothalamus, posterior part;255;85;71;0.0;0.0;0.0;0.0
684;Dorsomedial nucleus of the hypothalamus, ventral part;255;85;71;0.0;0.0;0.0;0.0
452;Median preoptic nucleus;255;85;71;0.0;0.0;0.0;0.0
523;Medial preoptic area;255;85;71;0.0;0.0;0.0;0.0
763;Vascular organ of the lamina terminalis;255;85;71;0.0;0.0;0.0;0.0
914;Posterodorsal preoptic nucleus;255;85;71;0.0;0.0;0.0;0.0
1109;Parastrial nucleus;255;85;71;0.0;0.0;0.0;0.0
1124;Suprachiasmatic preoptic nucleus;255;85;71;0.0;0.0;0.0;0.0
126;Periventricular hypothalamic nucleus, posterior part;255;85;71;0.0;0.0;0.0;0.0
133;Periventricular hypothalamic nucleus, preoptic part;255;85;71;0.0;0.0;0.0;0.0
347;Subparaventricular zone;255;85;71;0.0;0.0;0.0;0.0
286;Suprachiasmatic nucleus;255;85;71;0.0;0.0;0.0;0.0
338;Subfornical organ;255;85;71;0.0;0.0;0.0;0.0
576073699;Ventromedial preoptic nucleus;255;85;71;0.0;0.0;0.0;0.0
689;Ventrolateral preoptic nucleus;255;85;71;0.0;0.0;0.0;0.0
467;Hypothalamic medial zone;255;76;62;0.0;0.0;0.0;0.0
88;Anterior hypothalamic nucleus;255;76;62;0.0;0.0;0.0;0.0
700;Anterior hypothalamic nucleus, anterior part;255;76;62;0.0;0.0;0.0;0.0
708;Anterior hypothalamic nucleus, central part;255;76;62;0.0;0.0;0.0;0.0
716;Anterior hypothalamic nucleus, dorsal part;255;76;62;0.0;0.0;0.0;0.0
724;Anterior hypothalamic nucleus, posterior part;255;76;62;0.0;0.0;0.0;0.0
331;Mammillary body;255;76;62;0.0;0.0;0.0;0.0
210;Lateral mammillary nucleus;255;76;62;0.0;0.0;0.0;0.0
491;Medial mammillary nucleus;255;76;62;0.0;0.0;0.0;0.0
732;Medial mammillary nucleus, median part;255;76;62;0.0;0.0;0.0;0.0
606826647;Medial mammillary nucleus, lateral part;255;76;62;0.0;0.0;0.0;0.0
606826651;Medial mammillary nucleus, medial part;255;76;62;0.0;0.0;0.0;0.0
606826655;Medial mammillary nucleus, posterior part;255;76;62;0.0;0.0;0.0;0.0
606826659;Medial mammillary nucleus, dorsal part;255;76;62;0.0;0.0;0.0;0.0
525;Supramammillary nucleus;255;76;62;0.0;0.0;0.0;0.0
1110;Supramammillary nucleus, lateral part;255;76;62;0.0;0.0;0.0;0.0
1118;Supramammillary nucleus, medial part;255;76;62;0.0;0.0;0.0;0.0
557;Tuberomammillary nucleus;255;76;62;0.0;0.0;0.0;0.0
1126;Tuberomammillary nucleus, dorsal part;255;76;62;0.0;0.0;0.0;0.0
1;Tuberomammillary nucleus, ventral part;255;76;62;0.0;0.0;0.0;0.0
515;Medial preoptic nucleus;255;76;62;0.0;0.0;0.0;0.0
740;Medial preoptic nucleus, central part;255;76;62;0.0;0.0;0.0;0.0
748;Medial preoptic nucleus, lateral part;255;76;62;0.0;0.0;0.0;0.0
756;Medial preoptic nucleus, medial part;255;76;62;0.0;0.0;0.0;0.0
980;Dorsal premammillary nucleus;255;76;62;0.0;0.0;0.0;0.0
1004;Ventral premammillary nucleus;255;76;62;0.0;0.0;0.0;0.0
63;Paraventricular hypothalamic nucleus, descending division;255;76;62;0.0;0.0;0.0;0.0
439;Paraventricular hypothalamic nucleus, descending division, dorsal parvicellular part;255;76;62;0.0;0.0;0.0;0.0
447;Paraventricular hypothalamic nucleus, descending division, forniceal part;255;76;62;0.0;0.0;0.0;0.0
455;Paraventricular hypothalamic nucleus, descending division, lateral parvicellular part;255;76;62;0.0;0.0;0.0;0.0
464;Paraventricular hypothalamic nucleus, descending division, medial parvicellular part, ventral zone;255;76;62;0.0;0.0;0.0;0.0
693;Ventromedial hypothalamic nucleus;255;76;62;0.0;0.0;0.0;0.0
761;Ventromedial hypothalamic nucleus, anterior part;255;76;62;0.0;0.0;0.0;0.0
769;Ventromedial hypothalamic nucleus, central part;255;76;62;0.0;0.0;0.0;0.0
777;Ventromedial hypothalamic nucleus, dorsomedial part;255;76;62;0.0;0.0;0.0;0.0
785;Ventromedial hypothalamic nucleus, ventrolateral part;255;76;62;0.0;0.0;0.0;0.0
946;Posterior hypothalamic nucleus;255;76;62;0.0;0.0;0.0;0.0
290;Hypothalamic lateral zone;242;72;59;0.0;0.0;0.0;0.0
194;Lateral hypothalamic area;242;72;59;0.0;0.0;0.0;0.0
226;Lateral preoptic area;242;72;59;0.0;0.0;0.0;0.0
356;Preparasubthalamic nucleus;242;72;59;0.0;0.0;0.0;0.0
364;Parasubthalamic nucleus;242;72;59;0.0;0.0;0.0;0.0
576073704;Perifornical nucleus;242;72;59;0.0;0.0;0.0;0.0
173;Retrochiasmatic area;242;72;59;0.0;0.0;0.0;0.0
470;Subthalamic nucleus;242;72;59;0.0;0.0;0.0;0.0
614;Tuberal nucleus;242;72;59;0.0;0.0;0.0;0.0
797;Zona incerta;242;72;59;37958.0;20.0;2.0;0.0005268981505874914
796;Dopaminergic A13 group;242;72;59;0.0;0.0;0.0;0.0
804;Fields of Forel;242;72;59;0.0;0.0;0.0;0.0
10671;Median eminence;242;72;59;0.0;0.0;0.0;0.0
313;Midbrain;255;100;255;117237.0;143.0;1.0;0.001219751443656866
339;Midbrain, sensory related;255;122;255;0.0;0.0;0.0;0.0
302;Superior colliculus, sensory related;255;122;255;0.0;0.0;0.0;0.0
851;Superior colliculus, optic layer;255;122;255;0.0;0.0;0.0;0.0
842;Superior colliculus, superficial gray layer;255;122;255;0.0;0.0;0.0;0.0
834;Superior colliculus, zonal layer;255;122;255;0.0;0.0;0.0;0.0
4;Inferior colliculus;255;122;255;0.0;0.0;0.0;0.0
811;Inferior colliculus, central nucleus;255;122;255;0.0;0.0;0.0;0.0
820;Inferior colliculus, dorsal nucleus;255;122;255;0.0;0.0;0.0;0.0
828;Inferior colliculus, external nucleus;255;122;255;1100.0;0.0;0.0;0.0
580;Nucleus of the brachium of the inferior colliculus;255;122;255;16126.0;86.0;2.0;0.005333002604489644
271;Nucleus sagulum;255;122;255;0.0;0.0;0.0;0.0
874;Parabigeminal nucleus;255;122;255;12324.0;0.0;0.0;0.0
460;Midbrain trigeminal nucleus;255;122;255;0.0;0.0;0.0;0.0
599626923;Subcommissural organ;255;122;255;0.0;0.0;0.0;0.0
323;Midbrain, motor related;255;144;255;0.0;0.0;0.0;0.0
381;Substantia nigra, reticular part;255;144;255;36954.0;0.0;0.0;0.0
749;Ventral tegmental area;255;144;255;0.0;0.0;0.0;0.0
607344830;Paranigral nucleus;255;144;255;0.0;0.0;0.0;0.0
246;Midbrain reticular nucleus, retrorubral area;255;144;255;0.0;0.0;0.0;0.0
128;Midbrain reticular nucleus;255;144;255;0.0;0.0;0.0;0.0
539;Midbrain reticular nucleus, magnocellular part;255;144;255;0.0;0.0;0.0;0.0
548;Midbrain reticular nucleus, magnocellular part, general;255;144;255;0.0;0.0;0.0;0.0
555;Midbrain reticular nucleus, parvicellular part;255;144;255;0.0;0.0;0.0;0.0
294;Superior colliculus, motor related;255;144;255;0.0;0.0;0.0;0.0
26;Superior colliculus, motor related, deep gray layer;255;144;255;0.0;0.0;0.0;0.0
42;Superior colliculus, motor related, deep white layer;255;144;255;0.0;0.0;0.0;0.0
17;Superior colliculus, motor related, intermediate white layer;255;144;255;0.0;0.0;0.0;0.0
10;Superior colliculus, motor related, intermediate gray layer;255;144;255;0.0;0.0;0.0;0.0
494;Superior colliculus, motor related, intermediate gray layer, sublayer a;255;144;255;0.0;0.0;0.0;0.0
503;Superior colliculus, motor related, intermediate gray layer, sublayer b;255;144;255;0.0;0.0;0.0;0.0
511;Superior colliculus, motor related, intermediate gray layer, sublayer c;255;144;255;0.0;0.0;0.0;0.0
795;Periaqueductal gray;255;144;255;0.0;0.0;0.0;0.0
50;Precommissural nucleus;255;144;255;0.0;0.0;0.0;0.0
67;Interstitial nucleus of Cajal;255;144;255;0.0;0.0;0.0;0.0
587;Nucleus of Darkschewitsch;255;144;255;0.0;0.0;0.0;0.0
614454277;Supraoculomotor periaqueductal gray;255;144;255;0.0;0.0;0.0;0.0
1100;Pretectal region;255;144;255;0.0;0.0;0.0;0.0
215;Anterior pretectal nucleus;255;144;255;0.0;0.0;0.0;0.0
531;Medial pretectal area;255;144;255;0.0;0.0;0.0;0.0
628;Nucleus of the optic tract;255;144;255;0.0;0.0;0.0;0.0
634;Nucleus of the posterior commissure;255;144;255;0.0;0.0;0.0;0.0
706;Olivary pretectal nucleus;255;144;255;0.0;0.0;0.0;0.0
1061;Posterior pretectal nucleus;255;144;255;0.0;0.0;0.0;0.0
549009203;Retroparafascicular nucleus;255;144;255;0.0;0.0;0.0;0.0
549009207;Intercollicular nucleus;255;144;255;0.0;0.0;0.0;0.0
616;Cuneiform nucleus;255;144;255;0.0;0.0;0.0;0.0
214;Red nucleus;255;144;255;0.0;0.0;0.0;0.0
35;Oculomotor nucleus;255;144;255;0.0;0.0;0.0;0.0
549009211;Medial accesory oculomotor nucleus;255;144;255;0.0;0.0;0.0;0.0
975;Edinger-Westphal nucleus;255;144;255;0.0;0.0;0.0;0.0
115;Trochlear nucleus;255;144;255;0.0;0.0;0.0;0.0
606826663;Paratrochlear nucleus;255;144;255;0.0;0.0;0.0;0.0
757;Ventral tegmental nucleus;255;144;255;0.0;0.0;0.0;0.0
231;Anterior tegmental nucleus;255;144;255;0.0;0.0;0.0;0.0
66;Lateral terminal nucleus of the accessory optic tract;255;144;255;0.0;0.0;0.0;0.0
75;Dorsal terminal nucleus of the accessory optic tract;255;144;255;0.0;0.0;0.0;0.0
58;Medial terminal nucleus of the accessory optic tract;255;144;255;0.0;0.0;0.0;0.0
615;Substantia nigra, lateral part;255;144;255;0.0;0.0;0.0;0.0
348;Midbrain, behavioral state related;255;144;255;0.0;0.0;0.0;0.0
374;Substantia nigra, compact part;255;166;255;0.0;0.0;0.0;0.0
1052;Pedunculopontine nucleus;255;166;255;0.0;0.0;0.0;0.0
165;Midbrain raphe nuclei;255;166;255;0.0;0.0;0.0;0.0
12;Interfascicular nucleus raphe;255;166;255;0.0;0.0;0.0;0.0
100;Interpeduncular nucleus;255;166;255;0.0;0.0;0.0;0.0
607344834;Interpeduncular nucleus, rostral;255;166;255;0.0;0.0;0.0;0.0
607344838;Interpeduncular nucleus, caudal;255;166;255;0.0;0.0;0.0;0.0
607344842;Interpeduncular nucleus, apical;255;166;255;0.0;0.0;0.0;0.0
607344846;Interpeduncular nucleus, lateral;255;166;255;0.0;0.0;0.0;0.0
607344850;Interpeduncular nucleus, intermediate;255;166;255;0.0;0.0;0.0;0.0
607344854;Interpeduncular nucleus, dorsomedial;255;166;255;0.0;0.0;0.0;0.0
607344858;Interpeduncular nucleus, dorsolateral;255;166;255;0.0;0.0;0.0;0.0
607344862;Interpeduncular nucleus, rostrolateral;255;166;255;0.0;0.0;0.0;0.0
197;Rostral linear nucleus raphe;255;166;255;0.0;0.0;0.0;0.0
591;Central linear nucleus raphe;255;166;255;0.0;0.0;0.0;0.0
872;Dorsal nucleus raphe;255;166;255;0.0;0.0;0.0;0.0
1065;Hindbrain;255;155;136;0.0;0.0;0.0;0.0
771;Pons;255;155;136;33721.0;0.0;0.0;0.0
1132;Pons, sensory related;255;174;111;0.0;0.0;0.0;0.0
612;Nucleus of the lateral lemniscus;255;174;111;22466.0;0.0;0.0;0.0
82;Nucleus of the lateral lemniscus, dorsal part;255;174;111;0.0;0.0;0.0;0.0
90;Nucleus of the lateral lemniscus, horizontal part;255;174;111;0.0;0.0;0.0;0.0
99;Nucleus of the lateral lemniscus, ventral part;255;174;111;0.0;0.0;0.0;0.0
7;Principal sensory nucleus of the trigeminal;255;174;111;88687.0;71.0;2.0;0.0008005682907303212
867;Parabrachial nucleus;255;174;111;0.0;0.0;0.0;0.0
123;Koelliker-Fuse subnucleus;255;174;111;12714.0;0.0;0.0;0.0
881;Parabrachial nucleus, lateral division;255;174;111;0.0;0.0;0.0;0.0
860;Parabrachial nucleus, lateral division, central lateral part;255;174;111;0.0;0.0;0.0;0.0
868;Parabrachial nucleus, lateral division, dorsal lateral part;255;174;111;0.0;0.0;0.0;0.0
875;Parabrachial nucleus, lateral division, external lateral part;255;174;111;0.0;0.0;0.0;0.0
883;Parabrachial nucleus, lateral division, superior lateral part;255;174;111;0.0;0.0;0.0;0.0
891;Parabrachial nucleus, lateral division, ventral lateral part;255;174;111;0.0;0.0;0.0;0.0
890;Parabrachial nucleus, medial division;255;174;111;0.0;0.0;0.0;0.0
899;Parabrachial nucleus, medial division, external medial part;255;174;111;0.0;0.0;0.0;0.0
915;Parabrachial nucleus, medial division, medial medial part;255;174;111;0.0;0.0;0.0;0.0
923;Parabrachial nucleus, medial division, ventral medial part;255;174;111;0.0;0.0;0.0;0.0
398;Superior olivary complex;255;174;111;0.0;0.0;0.0;0.0
122;Superior olivary complex, periolivary region;255;174;111;0.0;0.0;0.0;0.0
105;Superior olivary complex, medial part;255;174;111;0.0;0.0;0.0;0.0
114;Superior olivary complex, lateral part;255;174;111;0.0;0.0;0.0;0.0
987;Pons, motor related;255;186;134;0.0;0.0;0.0;0.0
280;Barrington's nucleus;255;186;134;0.0;0.0;0.0;0.0
880;Dorsal tegmental nucleus;255;186;134;0.0;0.0;0.0;0.0
283;Lateral tegmental nucleus;255;186;134;0.0;0.0;0.0;0.0
599626927;Posterodorsal tegmental nucleus;255;186;134;0.0;0.0;0.0;0.0
898;Pontine central gray;255;186;134;0.0;0.0;0.0;0.0
931;Pontine gray;255;186;134;0.0;0.0;0.0;0.0
1093;Pontine reticular nucleus, caudal part;255;186;134;0.0;0.0;0.0;0.0
552;Pontine reticular nucleus, ventral part;255;186;134;0.0;0.0;0.0;0.0
318;Supragenual nucleus;255;186;134;0.0;0.0;0.0;0.0
462;Superior salivatory nucleus;255;186;134;0.0;0.0;0.0;0.0
534;Supratrigeminal nucleus;255;186;134;0.0;0.0;0.0;0.0
574;Tegmental reticular nucleus;255;186;134;0.0;0.0;0.0;0.0
621;Motor nucleus of trigeminal;255;186;134;0.0;0.0;0.0;0.0
549009215;Peritrigeminal zone;255;186;134;0.0;0.0;0.0;0.0
549009219;Accessory trigeminal nucleus;255;186;134;0.0;0.0;0.0;0.0
549009223;Parvicellular motor 5 nucleus;255;186;134;0.0;0.0;0.0;0.0
549009227;Intertrigeminal nucleus;255;186;134;0.0;0.0;0.0;0.0
1117;Pons, behavioral state related;255;195;149;0.0;0.0;0.0;0.0
679;Superior central nucleus raphe;255;195;149;0.0;0.0;0.0;0.0
137;Superior central nucleus raphe, lateral part;255;195;149;0.0;0.0;0.0;0.0
130;Superior central nucleus raphe, medial part;255;195;149;0.0;0.0;0.0;0.0
147;Locus ceruleus;255;195;149;0.0;0.0;0.0;0.0
162;Laterodorsal tegmental nucleus;255;195;149;0.0;0.0;0.0;0.0
604;Nucleus incertus;255;195;149;0.0;0.0;0.0;0.0
146;Pontine reticular nucleus;255;195;149;0.0;0.0;0.0;0.0
238;Nucleus raphe pontis;255;195;149;0.0;0.0;0.0;0.0
350;Subceruleus nucleus;255;195;149;0.0;0.0;0.0;0.0
358;Sublaterodorsal nucleus;255;195;149;0.0;0.0;0.0;0.0
354;Medulla;255;155;205;74288.0;0.0;0.0;0.0
386;Medulla, sensory related;255;165;210;0.0;0.0;0.0;0.0
207;Area postrema;255;165;210;0.0;0.0;0.0;0.0
607;Cochlear nuclei;255;165;210;0.0;0.0;0.0;0.0
112;Granular lamina of the cochlear nuclei;255;165;210;0.0;0.0;0.0;0.0
560;Cochlear nucleus, subpedunclular granular region;255;165;210;0.0;0.0;0.0;0.0
96;Dorsal cochlear nucleus;255;165;210;17585.0;0.0;0.0;0.0
101;Ventral cochlear nucleus;255;165;210;0.0;0.0;0.0;0.0
720;Dorsal column nuclei;255;165;210;0.0;0.0;0.0;0.0
711;Cuneate nucleus;255;165;210;0.0;0.0;0.0;0.0
1039;Gracile nucleus;255;165;210;0.0;0.0;0.0;0.0
903;External cuneate nucleus;255;165;210;0.0;0.0;0.0;0.0
642;Nucleus of the trapezoid body;255;165;210;0.0;0.0;0.0;0.0
651;Nucleus of the solitary tract;255;165;210;0.0;0.0;0.0;0.0
659;Nucleus of the solitary tract, central part;255;165;210;0.0;0.0;0.0;0.0
666;Nucleus of the solitary tract, commissural part;255;165;210;0.0;0.0;0.0;0.0
674;Nucleus of the solitary tract, gelatinous part;255;165;210;0.0;0.0;0.0;0.0
682;Nucleus of the solitary tract, lateral part;255;165;210;0.0;0.0;0.0;0.0
691;Nucleus of the solitary tract, medial part;255;165;210;0.0;0.0;0.0;0.0
429;Spinal nucleus of the trigeminal, caudal part;255;165;210;2025.0;0.0;0.0;0.0
437;Spinal nucleus of the trigeminal, interpolar part;255;165;210;83045.0;0.0;0.0;0.0
445;Spinal nucleus of the trigeminal, oral part;255;165;210;7346.0;0.0;0.0;0.0
77;Spinal nucleus of the trigeminal, oral part, caudal dorsomedial part;255;165;210;0.0;0.0;0.0;0.0
53;Spinal nucleus of the trigeminal, oral part, middle dorsomedial part, dorsal zone;255;165;210;0.0;0.0;0.0;0.0
61;Spinal nucleus of the trigeminal, oral part, middle dorsomedial part, ventral zone;255;165;210;0.0;0.0;0.0;0.0
45;Spinal nucleus of the trigeminal, oral part, rostral dorsomedial part;255;165;210;0.0;0.0;0.0;0.0
69;Spinal nucleus of the trigeminal, oral part, ventrolateral part;255;165;210;0.0;0.0;0.0;0.0
589508451;Paratrigeminal nucleus;255;165;210;3333.0;0.0;0.0;0.0
789;Nucleus z;255;165;210;0.0;0.0;0.0;0.0
370;Medulla, motor related;255;179;217;0.0;0.0;0.0;0.0
653;Abducens nucleus;255;179;217;0.0;0.0;0.0;0.0
568;Accessory abducens nucleus;255;179;217;0.0;0.0;0.0;0.0
661;Facial motor nucleus;255;179;217;0.0;0.0;0.0;0.0
576;Accessory facial motor nucleus;255;179;217;0.0;0.0;0.0;0.0
640;Efferent vestibular nucleus;255;179;217;0.0;0.0;0.0;0.0
135;Nucleus ambiguus;255;179;217;0.0;0.0;0.0;0.0
939;Nucleus ambiguus, dorsal division;255;179;217;0.0;0.0;0.0;0.0
143;Nucleus ambiguus, ventral division;255;179;217;0.0;0.0;0.0;0.0
839;Dorsal motor nucleus of the vagus nerve;255;179;217;0.0;0.0;0.0;0.0
887;Efferent cochlear group;255;179;217;0.0;0.0;0.0;0.0
1048;Gigantocellular reticular nucleus;255;179;217;0.0;0.0;0.0;0.0
372;Infracerebellar nucleus;255;179;217;0.0;0.0;0.0;0.0
83;Inferior olivary complex;255;179;217;0.0;0.0;0.0;0.0
136;Intermediate reticular nucleus;255;179;217;0.0;0.0;0.0;0.0
106;Inferior salivatory nucleus;255;179;217;0.0;0.0;0.0;0.0
203;Linear nucleus of the medulla;255;179;217;0.0;0.0;0.0;0.0
235;Lateral reticular nucleus;255;179;217;0.0;0.0;0.0;0.0
955;Lateral reticular nucleus, magnocellular part;255;179;217;0.0;0.0;0.0;0.0
963;Lateral reticular nucleus, parvicellular part;255;179;217;0.0;0.0;0.0;0.0
307;Magnocellular reticular nucleus;255;179;217;0.0;0.0;0.0;0.0
395;Medullary reticular nucleus;255;179;217;0.0;0.0;0.0;0.0
1098;Medullary reticular nucleus, dorsal part;255;179;217;0.0;0.0;0.0;0.0
1107;Medullary reticular nucleus, ventral part;255;179;217;0.0;0.0;0.0;0.0
852;Parvicellular reticular nucleus;255;179;217;0.0;0.0;0.0;0.0
859;Parasolitary nucleus;255;179;217;0.0;0.0;0.0;0.0
938;Paragigantocellular reticular nucleus;255;179;217;0.0;0.0;0.0;0.0
970;Paragigantocellular reticular nucleus, dorsal part;255;179;217;0.0;0.0;0.0;0.0
978;Paragigantocellular reticular nucleus, lateral part;255;179;217;0.0;0.0;0.0;0.0
154;Perihypoglossal nuclei;255;179;217;0.0;0.0;0.0;0.0
161;Nucleus intercalatus;255;179;217;0.0;0.0;0.0;0.0
177;Nucleus of Roller;255;179;217;0.0;0.0;0.0;0.0
169;Nucleus prepositus;255;179;217;0.0;0.0;0.0;0.0
995;Paramedian reticular nucleus;255;179;217;0.0;0.0;0.0;0.0
1069;Parapyramidal nucleus;255;179;217;0.0;0.0;0.0;0.0
185;Parapyramidal nucleus, deep part;255;179;217;0.0;0.0;0.0;0.0
193;Parapyramidal nucleus, superficial part;255;179;217;0.0;0.0;0.0;0.0
701;Vestibular nuclei;255;179;217;0.0;0.0;0.0;0.0
209;Lateral vestibular nucleus;255;179;217;0.0;0.0;0.0;0.0
202;Medial vestibular nucleus;255;179;217;0.0;0.0;0.0;0.0
225;Spinal vestibular nucleus;255;179;217;0.0;0.0;0.0;0.0
217;Superior vestibular nucleus;255;179;217;0.0;0.0;0.0;0.0
765;Nucleus x;255;179;217;0.0;0.0;0.0;0.0
773;Hypoglossal nucleus;255;179;217;0.0;0.0;0.0;0.0
781;Nucleus y;255;179;217;0.0;0.0;0.0;0.0
76;Interstitial nucleus of the vestibular nerve;255;179;217;0.0;0.0;0.0;0.0
379;Medulla, behavioral state related;255;198;226;0.0;0.0;0.0;0.0
206;Nucleus raphe magnus;255;198;226;0.0;0.0;0.0;0.0
230;Nucleus raphe pallidus;255;198;226;0.0;0.0;0.0;0.0
222;Nucleus raphe obscurus;255;198;226;0.0;0.0;0.0;0.0
512;Cerebellum;240;240;128;20311.0;0.0;0.0;0.0
528;Cerebellar cortex;240;240;128;0.0;0.0;0.0;0.0
1144;Cerebellar cortex, molecular layer;255;252;145;0.0;0.0;0.0;0.0
1145;Cerebellar cortex, Purkinje layer;255;252;145;0.0;0.0;0.0;0.0
1143;Cerebellar cortex, granular layer;236;231;84;0.0;0.0;0.0;0.0
645;Vermal regions;255;252;145;0.0;0.0;0.0;0.0
912;Lingula (I);255;252;145;0.0;0.0;0.0;0.0
10707;Lingula (I), molecular layer;255;252;145;0.0;0.0;0.0;0.0
10706;Lingula (I), Purkinje layer;255;252;145;0.0;0.0;0.0;0.0
10705;Lingula (I), granular layer;236;231;84;0.0;0.0;0.0;0.0
920;Central lobule;255;252;145;0.0;0.0;0.0;0.0
976;Lobule II;255;252;145;0.0;0.0;0.0;0.0
10710;Lobule II, molecular layer;255;252;145;0.0;0.0;0.0;0.0
10709;Lobule II, Purkinje layer;255;252;145;0.0;0.0;0.0;0.0
10708;Lobule II, granular layer;236;231;84;0.0;0.0;0.0;0.0
984;Lobule III;255;252;145;325.0;0.0;0.0;0.0
10713;Lobule III, molecular layer;255;252;145;0.0;0.0;0.0;0.0
10712;Lobule III, Purkinje layer;255;252;145;0.0;0.0;0.0;0.0
10711;Lobule III, granular layer;236;231;84;0.0;0.0;0.0;0.0
928;Culmen;255;252;145;0.0;0.0;0.0;0.0
992;Lobule IV;255;252;145;0.0;0.0;0.0;0.0
10716;Lobule IV, molecular layer;255;252;145;0.0;0.0;0.0;0.0
10715;Lobule IV, Purkinje layer;255;252;145;0.0;0.0;0.0;0.0
10714;Lobule IV, granular layer;236;231;84;0.0;0.0;0.0;0.0
1001;Lobule V;255;252;145;0.0;0.0;0.0;0.0
10719;Lobule V, molecular layer;255;252;145;0.0;0.0;0.0;0.0
10718;Lobule V, Purkinje layer;255;252;145;0.0;0.0;0.0;0.0
10717;Lobule V, granular layer;236;231;84;0.0;0.0;0.0;0.0
1091;Lobules IV-V;255;252;145;75056.0;31.0;4.0;0.0004130249413771051
10722;Lobules IV-V, molecular layer;255;252;145;0.0;0.0;0.0;0.0
10721;Lobules IV-V, Purkinje layer;255;252;145;0.0;0.0;0.0;0.0
10720;Lobules IV-V, granular layer;236;231;84;0.0;0.0;0.0;0.0
936;Declive (VI);255;252;145;0.0;0.0;0.0;0.0
10725;Declive (VI), molecular layer;255;252;145;0.0;0.0;0.0;0.0
10724;Declive (VI), Purkinje layer;255;252;145;0.0;0.0;0.0;0.0
10723;Declive (VI), granular layer;236;231;84;0.0;0.0;0.0;0.0
944;Folium-tuber vermis (VII);255;252;145;0.0;0.0;0.0;0.0
10728;Folium-tuber vermis (VII), molecular layer;255;252;145;0.0;0.0;0.0;0.0
10727;Folium-tuber vermis (VII), Purkinje layer;255;252;145;0.0;0.0;0.0;0.0
10726;Folium-tuber vermis (VII), granular layer;236;231;84;0.0;0.0;0.0;0.0
951;Pyramus (VIII);255;252;145;0.0;0.0;0.0;0.0
10731;Pyramus (VIII), molecular layer;255;252;145;0.0;0.0;0.0;0.0
10730;Pyramus (VIII), Purkinje layer;255;252;145;0.0;0.0;0.0;0.0
10729;Pyramus (VIII), granular layer;236;231;84;0.0;0.0;0.0;0.0
957;Uvula (IX);255;252;145;0.0;0.0;0.0;0.0
10734;Uvula (IX), molecular layer;255;252;145;0.0;0.0;0.0;0.0
10733;Uvula (IX), Purkinje layer;255;252;145;0.0;0.0;0.0;0.0
10732;Uvula (IX), granular layer;236;231;84;0.0;0.0;0.0;0.0
968;Nodulus (X);255;252;145;0.0;0.0;0.0;0.0
10737;Nodulus (X), molecular layer;255;252;145;0.0;0.0;0.0;0.0
10736;Nodulus (X), Purkinje layer;255;252;145;0.0;0.0;0.0;0.0
10735;Nodulus (X), granular layer;236;231;84;0.0;0.0;0.0;0.0
1073;Hemispheric regions;255;252;145;0.0;0.0;0.0;0.0
1007;Simple lobule;255;252;145;164423.0;2866.0;2.0;0.017430651429544527
10674;Simple lobule, molecular layer;255;252;145;0.0;0.0;0.0;0.0
10673;Simple lobule, Purkinje layer;255;252;145;0.0;0.0;0.0;0.0
10672;Simple lobule, granular layer;236;231;84;0.0;0.0;0.0;0.0
1017;Ansiform lobule;255;252;145;0.0;0.0;0.0;0.0
1056;Crus 1;255;252;145;72962.0;315.0;1.0;0.004317315863052
10677;Crus 1, molecular layer;255;252;145;0.0;0.0;0.0;0.0
10676;Crus 1, Purkinje layer;255;252;145;0.0;0.0;0.0;0.0
10675;Crus 1, granular layer;236;231;84;0.0;0.0;0.0;0.0
1064;Crus 2;255;252;145;68720.0;44.0;5.0;0.000640279394644936
10680;Crus 2, molecular layer;255;252;145;0.0;0.0;0.0;0.0
10679;Crus 2, Purkinje layer;255;252;145;0.0;0.0;0.0;0.0
10678;Crus 2, granular layer;236;231;84;0.0;0.0;0.0;0.0
1025;Paramedian lobule;255;252;145;90535.0;190.0;2.0;0.002098635886673662
10683;Paramedian lobule, molecular layer;255;252;145;0.0;0.0;0.0;0.0
10682;Paramedian lobule, Purkinje layer;255;252;145;0.0;0.0;0.0;0.0
10681;Paramedian lobule, granular layer;236;231;84;0.0;0.0;0.0;0.0
1033;Copula pyramidis;255;252;145;59292.0;0.0;0.0;0.0
10686;Copula pyramidis, molecular layer;255;252;145;0.0;0.0;0.0;0.0
10685;Copula pyramidis, Purkinje layer;255;252;145;0.0;0.0;0.0;0.0
10684;Copula pyramidis, granular layer;236;231;84;0.0;0.0;0.0;0.0
1041;Paraflocculus;255;252;145;0.0;0.0;0.0;0.0
10689;Paraflocculus, molecular layer;255;252;145;0.0;0.0;0.0;0.0
10688;Paraflocculus, Purkinje layer;255;252;145;0.0;0.0;0.0;0.0
10687;Paraflocculus, granular layer;236;231;84;0.0;0.0;0.0;0.0
1049;Flocculus;255;252;145;0.0;0.0;0.0;0.0
10692;Flocculus, molecular layer;255;252;145;0.0;0.0;0.0;0.0
10691;Flocculus, Purkinje layer;255;252;145;0.0;0.0;0.0;0.0
10690;Flocculus, granular layer;236;231;84;0.0;0.0;0.0;0.0
519;Cerebellar nuclei;240;240;128;0.0;0.0;0.0;0.0
989;Fastigial nucleus;255;253;188;0.0;0.0;0.0;0.0
91;Interposed nucleus;255;253;188;29230.0;0.0;0.0;0.0
846;Dentate nucleus;255;253;188;5682.0;0.0;0.0;0.0
589508455;Vestibulocerebellar nucleus;255;253;188;0.0;0.0;0.0;0.0
1009;fiber tracts;204;204;204;24187.0;216.0;2.0;0.00893041716624633
967;cranial nerves;204;204;204;0.0;0.0;0.0;0.0
885;terminal nerve;204;204;204;0.0;0.0;0.0;0.0
949;vomeronasal nerve;204;204;204;0.0;0.0;0.0;0.0
840;olfactory nerve;204;204;204;0.0;0.0;0.0;0.0
1016;olfactory nerve layer of main olfactory bulb;204;204;204;0.0;0.0;0.0;0.0
21;lateral olfactory tract, general;204;204;204;0.0;0.0;0.0;0.0
665;lateral olfactory tract, body;204;204;204;14180.0;1595.0;5.0;0.11248236953455572
538;dorsal limb;204;204;204;0.0;0.0;0.0;0.0
459;accessory olfactory tract;204;204;204;0.0;0.0;0.0;0.0
900;anterior commissure, olfactory limb;204;204;204;0.0;0.0;0.0;0.0
848;optic nerve;204;204;204;0.0;0.0;0.0;0.0
876;accessory optic tract;204;204;204;0.0;0.0;0.0;0.0
916;brachium of the superior colliculus;204;204;204;3600.0;176.0;15.0;0.04888888888888889
336;superior colliculus commissure;204;204;204;0.0;0.0;0.0;0.0
117;optic chiasm;204;204;204;0.0;0.0;0.0;0.0
125;optic tract;204;204;204;11666.0;0.0;0.0;0.0
357;tectothalamic pathway;204;204;204;0.0;0.0;0.0;0.0
832;oculomotor nerve;204;204;204;0.0;0.0;0.0;0.0
62;medial longitudinal fascicle;204;204;204;0.0;0.0;0.0;0.0
158;posterior commissure;204;204;204;0.0;0.0;0.0;0.0
911;trochlear nerve;204;204;204;0.0;0.0;0.0;0.0
384;trochlear nerve decussation;204;204;204;0.0;0.0;0.0;0.0
710;abducens nerve;204;204;204;0.0;0.0;0.0;0.0
901;trigeminal nerve;204;204;204;0.0;0.0;0.0;0.0
93;motor root of the trigeminal nerve;204;204;204;0.0;0.0;0.0;0.0
229;sensory root of the trigeminal nerve;204;204;204;38725.0;0.0;0.0;0.0
705;midbrain tract of the trigeminal nerve;204;204;204;0.0;0.0;0.0;0.0
794;spinal tract of the trigeminal nerve;204;204;204;132855.0;0.0;0.0;0.0
798;facial nerve;204;204;204;0.0;0.0;0.0;0.0
1131;intermediate nerve;204;204;204;0.0;0.0;0.0;0.0
1116;genu of the facial nerve;204;204;204;0.0;0.0;0.0;0.0
933;vestibulocochlear nerve;204;204;204;0.0;0.0;0.0;0.0
1076;efferent cochleovestibular bundle;204;204;204;0.0;0.0;0.0;0.0
413;vestibular nerve;204;204;204;6234.0;0.0;0.0;0.0
948;cochlear nerve;204;204;204;0.0;0.0;0.0;0.0
841;trapezoid body;204;204;204;0.0;0.0;0.0;0.0
641;intermediate acoustic stria;204;204;204;0.0;0.0;0.0;0.0
506;dorsal acoustic stria;204;204;204;0.0;0.0;0.0;0.0
658;lateral lemniscus;204;204;204;30514.0;0.0;0.0;0.0
633;inferior colliculus commissure;204;204;204;0.0;0.0;0.0;0.0
482;brachium of the inferior colliculus;204;204;204;33197.0;37.0;1.0;0.0011145585444467874
808;glossopharyngeal nerve;204;204;204;0.0;0.0;0.0;0.0
917;vagus nerve;204;204;204;0.0;0.0;0.0;0.0
237;solitary tract;204;204;204;0.0;0.0;0.0;0.0
717;accessory spinal nerve;204;204;204;0.0;0.0;0.0;0.0
813;hypoglossal nerve;204;204;204;0.0;0.0;0.0;0.0
925;ventral roots;204;204;204;0.0;0.0;0.0;0.0
792;dorsal roots;204;204;204;0.0;0.0;0.0;0.0
932;cervicothalamic tract;204;204;204;0.0;0.0;0.0;0.0
570;dorsolateral fascicle;204;204;204;0.0;0.0;0.0;0.0
522;dorsal commissure of the spinal cord;204;204;204;0.0;0.0;0.0;0.0
858;ventral commissure of the spinal cord;204;204;204;0.0;0.0;0.0;0.0
586;fasciculus proprius;204;204;204;0.0;0.0;0.0;0.0
514;dorsal column;204;204;204;0.0;0.0;0.0;0.0
380;cuneate fascicle;204;204;204;0.0;0.0;0.0;0.0
388;gracile fascicle;204;204;204;0.0;0.0;0.0;0.0
396;internal arcuate fibers;204;204;204;0.0;0.0;0.0;0.0
697;medial lemniscus;204;204;204;0.0;0.0;0.0;0.0
871;spinothalamic tract;204;204;204;0.0;0.0;0.0;0.0
29;lateral spinothalamic tract;204;204;204;0.0;0.0;0.0;0.0
389;ventral spinothalamic tract;204;204;204;0.0;0.0;0.0;0.0
245;spinocervical tract;204;204;204;0.0;0.0;0.0;0.0
261;spino-olivary pathway;204;204;204;0.0;0.0;0.0;0.0
270;spinoreticular pathway;204;204;204;0.0;0.0;0.0;0.0
293;spinovestibular pathway;204;204;204;0.0;0.0;0.0;0.0
277;spinotectal pathway;204;204;204;0.0;0.0;0.0;0.0
253;spinohypothalamic pathway;204;204;204;0.0;0.0;0.0;0.0
285;spinotelenchephalic pathway;204;204;204;0.0;0.0;0.0;0.0
627;hypothalamohypophysial tract;204;204;204;0.0;0.0;0.0;0.0
960;cerebellum related fiber tracts;204;204;204;0.0;0.0;0.0;0.0
744;cerebellar commissure;204;204;204;0.0;0.0;0.0;0.0
752;cerebellar peduncles;204;204;204;0.0;0.0;0.0;0.0
326;superior cerebelar peduncles;204;204;204;0.0;0.0;0.0;0.0
812;superior cerebellar peduncle decussation;204;204;204;0.0;0.0;0.0;0.0
85;spinocerebellar tract;204;204;204;0.0;0.0;0.0;0.0
850;uncinate fascicle;204;204;204;0.0;0.0;0.0;0.0
866;ventral spinocerebellar tract;204;204;204;0.0;0.0;0.0;0.0
78;middle cerebellar peduncle;204;204;204;35582.0;0.0;0.0;0.0
1123;inferior cerebellar peduncle;204;204;204;54161.0;0.0;0.0;0.0
553;dorsal spinocerebellar tract;204;204;204;6413.0;0.0;0.0;0.0
499;cuneocerebellar tract;204;204;204;0.0;0.0;0.0;0.0
650;juxtarestiform body;204;204;204;0.0;0.0;0.0;0.0
490;bulbocerebellar tract;204;204;204;0.0;0.0;0.0;0.0
404;olivocerebellar tract;204;204;204;0.0;0.0;0.0;0.0
410;reticulocerebellar tract;204;204;204;0.0;0.0;0.0;0.0
373;trigeminocerebellar tract;204;204;204;0.0;0.0;0.0;0.0
728;arbor vitae;204;204;204;103765.0;0.0;0.0;0.0
484682512;supra-callosal cerebral white matter;204;204;204;28136.0;0.0;0.0;0.0
983;lateral forebrain bundle system;204;204;204;0.0;0.0;0.0;0.0
776;corpus callosum;204;204;204;0.0;0.0;0.0;0.0
956;corpus callosum, anterior forceps;204;204;204;6480.0;0.0;0.0;0.0
579;external capsule;204;204;204;2758.0;0.0;0.0;0.0
964;corpus callosum, extreme capsule;204;204;204;0.0;0.0;0.0;0.0
1108;genu of corpus callosum;204;204;204;5646.0;0.0;0.0;0.0
971;corpus callosum, posterior forceps;204;204;204;14197.0;1.0;4.0;7.043741635556808e-05
979;corpus callosum, rostrum;204;204;204;0.0;0.0;0.0;0.0
484682516;corpus callosum, body;204;204;204;25889.0;0.0;0.0;0.0
986;corpus callosum, splenium;204;204;204;4350.0;168.0;4.0;0.038620689655172416
784;corticospinal tract;204;204;204;0.0;0.0;0.0;0.0
6;internal capsule;204;204;204;61323.0;139.0;1.0;0.002266686235180927
924;cerebal peduncle;204;204;204;18546.0;0.0;0.0;0.0
1036;corticotectal tract;204;204;204;0.0;0.0;0.0;0.0
1012;corticorubral tract;204;204;204;0.0;0.0;0.0;0.0
1003;corticopontine tract;204;204;204;0.0;0.0;0.0;0.0
994;corticobulbar tract;204;204;204;0.0;0.0;0.0;0.0
190;pyramid;204;204;204;0.0;0.0;0.0;0.0
198;pyramidal decussation;204;204;204;0.0;0.0;0.0;0.0
1019;corticospinal tract, crossed;204;204;204;0.0;0.0;0.0;0.0
1028;corticospinal tract, uncrossed;204;204;204;0.0;0.0;0.0;0.0
896;thalamus related;204;204;204;0.0;0.0;0.0;0.0
1092;external medullary lamina of the thalamus;204;204;204;4304.0;0.0;0.0;0.0
14;internal medullary lamina of the thalamus;204;204;204;0.0;0.0;0.0;0.0
86;middle thalamic commissure;204;204;204;0.0;0.0;0.0;0.0
365;thalamic peduncles;204;204;204;0.0;0.0;0.0;0.0
484682520;optic radiation;204;204;204;20560.0;0.0;0.0;0.0
484682524;auditory radiation;204;204;204;6446.0;0.0;0.0;0.0
1000;extrapyramidal fiber systems;204;204;204;0.0;0.0;0.0;0.0
760;cerebral nuclei related;204;204;204;0.0;0.0;0.0;0.0
142;pallidothalamic pathway;204;204;204;0.0;0.0;0.0;0.0
102;nigrostriatal tract;204;204;204;0.0;0.0;0.0;0.0
109;nigrothalamic fibers;204;204;204;0.0;0.0;0.0;0.0
134;pallidotegmental fascicle;204;204;204;0.0;0.0;0.0;0.0
309;striatonigral pathway;204;204;204;0.0;0.0;0.0;0.0
317;subthalamic fascicle;204;204;204;0.0;0.0;0.0;0.0
877;tectospinal pathway;204;204;204;0.0;0.0;0.0;0.0
1051;direct tectospinal pathway;204;204;204;0.0;0.0;0.0;0.0
1060;doral tegmental decussation;204;204;204;0.0;0.0;0.0;0.0
1043;crossed tectospinal pathway;204;204;204;0.0;0.0;0.0;0.0
863;rubrospinal tract;204;204;204;0.0;0.0;0.0;0.0
397;ventral tegmental decussation;204;204;204;0.0;0.0;0.0;0.0
221;rubroreticular tract;204;204;204;0.0;0.0;0.0;0.0
736;central tegmental bundle;204;204;204;0.0;0.0;0.0;0.0
855;retriculospinal tract;204;204;204;0.0;0.0;0.0;0.0
205;retriculospinal tract, lateral part;204;204;204;0.0;0.0;0.0;0.0
213;retriculospinal tract, medial part;204;204;204;0.0;0.0;0.0;0.0
941;vestibulospinal pathway;204;204;204;0.0;0.0;0.0;0.0
991;medial forebrain bundle system;204;204;204;0.0;0.0;0.0;0.0
768;cerebrum related;204;204;204;0.0;0.0;0.0;0.0
884;amygdalar capsule;204;204;204;0.0;0.0;0.0;0.0
892;ansa peduncularis;204;204;204;0.0;0.0;0.0;0.0
908;anterior commissure, temporal limb;204;204;204;3209.0;0.0;0.0;0.0
940;cingulum bundle;204;204;204;0.0;0.0;0.0;0.0
1099;fornix system;204;204;204;0.0;0.0;0.0;0.0
466;alveus;204;204;204;13757.0;180.0;7.0;0.01308424801919023
530;dorsal fornix;204;204;204;0.0;0.0;0.0;0.0
603;fimbria;204;204;204;19219.0;11.0;6.0;0.0005723502783703627
745;precommissural fornix, general;204;204;204;0.0;0.0;0.0;0.0
420;precommissural fornix diagonal band;204;204;204;0.0;0.0;0.0;0.0
737;postcommissural fornix;204;204;204;0.0;0.0;0.0;0.0
428;medial corticohypothalamic tract;204;204;204;0.0;0.0;0.0;0.0
436;columns of the fornix;204;204;204;0.0;0.0;0.0;0.0
618;hippocampal commissures;204;204;204;0.0;0.0;0.0;0.0
443;dorsal hippocampal commissure;204;204;204;14541.0;41.0;5.0;0.002819613506636407
449;ventral hippocampal commissure;204;204;204;0.0;0.0;0.0;0.0
713;perforant path;204;204;204;0.0;0.0;0.0;0.0
474;angular path;204;204;204;0.0;0.0;0.0;0.0
37;longitudinal association bundle;204;204;204;0.0;0.0;0.0;0.0
301;stria terminalis;204;204;204;3289.0;0.0;0.0;0.0
484682528;commissural branch of stria terminalis;204;204;204;0.0;0.0;0.0;0.0
824;hypothalamus related;204;204;204;0.0;0.0;0.0;0.0
54;medial forebrain bundle;204;204;204;0.0;0.0;0.0;0.0
405;ventrolateral hypothalamic tract;204;204;204;0.0;0.0;0.0;0.0
174;preoptic commissure;204;204;204;0.0;0.0;0.0;0.0
349;supraoptic commissures;204;204;204;0.0;0.0;0.0;0.0
817;supraoptic commissures, anterior;204;204;204;0.0;0.0;0.0;0.0
825;supraoptic commissures, dorsal;204;204;204;0.0;0.0;0.0;0.0
833;supraoptic commissures, ventral;204;204;204;0.0;0.0;0.0;0.0
166;premammillary commissure;204;204;204;0.0;0.0;0.0;0.0
341;supramammillary decussation;204;204;204;0.0;0.0;0.0;0.0
182;propriohypothalamic pathways;204;204;204;0.0;0.0;0.0;0.0
762;propriohypothalamic pathways, dorsal;204;204;204;0.0;0.0;0.0;0.0
770;propriohypothalamic pathways, lateral;204;204;204;0.0;0.0;0.0;0.0
779;propriohypothalamic pathways, medial;204;204;204;0.0;0.0;0.0;0.0
787;propriohypothalamic pathways, ventral;204;204;204;0.0;0.0;0.0;0.0
150;periventricular bundle of the hypothalamus;204;204;204;0.0;0.0;0.0;0.0
46;mammillary related;204;204;204;0.0;0.0;0.0;0.0
753;principal mammillary tract;204;204;204;0.0;0.0;0.0;0.0
690;mammillothalamic tract;204;204;204;0.0;0.0;0.0;0.0
681;mammillotegmental tract;204;204;204;0.0;0.0;0.0;0.0
673;mammillary peduncle;204;204;204;0.0;0.0;0.0;0.0
1068;dorsal thalamus related;204;204;204;0.0;0.0;0.0;0.0
722;periventricular bundle of the thalamus;204;204;204;0.0;0.0;0.0;0.0
1083;epithalamus related;204;204;204;0.0;0.0;0.0;0.0
802;stria medullaris;204;204;204;0.0;0.0;0.0;0.0
595;fasciculus retroflexus;204;204;204;0.0;0.0;0.0;0.0
611;habenular commissure;204;204;204;0.0;0.0;0.0;0.0
730;pineal stalk;204;204;204;0.0;0.0;0.0;0.0
70;midbrain related;204;204;204;0.0;0.0;0.0;0.0
547;dorsal longitudinal fascicle;204;204;204;0.0;0.0;0.0;0.0
563;dorsal tegmental tract;204;204;204;0.0;0.0;0.0;0.0
73;ventricular systems;170;170;170;0.0;0.0;0.0;0.0
81;lateral ventricle;170;170;170;13346.0;0.0;0.0;0.0
89;rhinocele;170;170;170;0.0;0.0;0.0;0.0
98;subependymal zone;170;170;170;974.0;0.0;0.0;0.0
108;choroid plexus;170;170;170;11794.0;0.0;0.0;0.0
116;choroid fissure;170;170;170;0.0;0.0;0.0;0.0
124;interventricular foramen;170;170;170;0.0;0.0;0.0;0.0
129;third ventricle;170;170;170;0.0;0.0;0.0;0.0
140;cerebral aqueduct;170;170;170;0.0;0.0;0.0;0.0
145;fourth ventricle;170;170;170;0.0;0.0;0.0;0.0
153;lateral recess;170;170;170;7894.0;0.0;0.0;0.0
164;central canal, spinal cord/medulla;170;170;170;0.0;0.0;0.0;0.0
1024;grooves;170;170;170;0.0;0.0;0.0;0.0
1032;grooves of the cerebral cortex;170;170;170;0.0;0.0;0.0;0.0
1055;endorhinal groove;170;170;170;0.0;0.0;0.0;0.0
1063;hippocampal fissure;170;170;170;0.0;0.0;0.0;0.0
1071;rhinal fissure;170;170;170;0.0;0.0;0.0;0.0
1078;rhinal incisure;170;170;170;0.0;0.0;0.0;0.0
1040;grooves of the cerebellar cortex;170;170;170;0.0;0.0;0.0;0.0
1087;precentral fissure;170;170;170;0.0;0.0;0.0;0.0
1095;preculminate fissure;170;170;170;0.0;0.0;0.0;0.0
1103;primary fissure;170;170;170;0.0;0.0;0.0;0.0
1112;posterior superior fissure;170;170;170;0.0;0.0;0.0;0.0
1119;prepyramidal fissure;170;170;170;0.0;0.0;0.0;0.0
3;secondary fissure;170;170;170;0.0;0.0;0.0;0.0
11;posterolateral fissure;170;170;170;0.0;0.0;0.0;0.0
18;nodular fissure;170;170;170;0.0;0.0;0.0;0.0
25;simple fissure;170;170;170;0.0;0.0;0.0;0.0
34;intercrural fissure;170;170;170;0.0;0.0;0.0;0.0
43;ansoparamedian fissure;170;170;170;0.0;0.0;0.0;0.0
49;intraparafloccular fissure;170;170;170;0.0;0.0;0.0;0.0
57;paramedian sulcus;170;170;170;0.0;0.0;0.0;0.0
65;parafloccular sulcus;170;170;170;0.0;0.0;0.0;0.0
624;Interpeduncular fossa;170;170;170;0.0;0.0;0.0;0.0
304325711;retina;127;46;126;0.0;0.0;0.0;0.0
